dataset,embedding,rejection_method,classifier,num_known,num_unknown,seed,threshold,ACC_known,ACC_unknown,AUROC,OSCR
esc50,clap,global_threshold,cosine,40,10,0,0.6004290580749512,0.978125,0.6625,0.977421875,0.9646679687500002
esc50,clap,global_threshold,cosine,30,20,0,0.5240769386291504,0.9916666666666667,0.375,0.9800520833333334,0.9762890625000002
esc50,clap,global_threshold,cosine,20,30,0,0.6004290580749512,0.96875,0.8208333333333333,0.9754947916666666,0.9569531250000001
esc50,clap,global_threshold,cosine,15,35,0,0.6004290580749512,0.9583333333333334,0.8428571428571429,0.9763988095238096,0.9491517857142857
esc50,clap,global_threshold,cosine,10,40,0,0.6004290580749512,0.9875,0.859375,0.9909375,0.980625
esc50,clap,global_threshold,euclidean,40,10,0,-26.97964859008789,0.978125,0.6875,0.9776171874999999,0.9643750000000001
esc50,clap,global_threshold,euclidean,30,20,0,-29.53318214416504,0.9916666666666667,0.36875,0.9801562500000001,0.9772526041666669
esc50,clap,global_threshold,euclidean,20,30,0,-26.97964859008789,0.96875,0.8166666666666667,0.9757291666666668,0.9569791666666667
esc50,clap,global_threshold,euclidean,15,35,0,-26.97964859008789,0.9583333333333334,0.8428571428571429,0.9763690476190476,0.9491071428571429
esc50,clap,global_threshold,euclidean,10,40,0,-26.97964859008789,0.9875,0.865625,0.991796875,0.9812109375
esc50,clap,global_threshold,mahalanobis,40,10,0,-154.76077270507812,0.984375,0.6875,0.9747265624999999,0.9629687499999996
esc50,clap,global_threshold,mahalanobis,30,20,0,-151.83184814453125,0.9833333333333333,0.81875,0.983984375,0.9702473958333331
esc50,clap,global_threshold,mahalanobis,20,30,0,-143.3594207763672,0.91875,0.9416666666666667,0.9843489583333334,0.9123828124999999
esc50,clap,global_threshold,mahalanobis,15,35,0,-141.04483032226562,0.9166666666666666,0.9678571428571429,0.9903869047619048,0.9136160714285715
esc50,clap,global_threshold,mahalanobis,10,40,0,-122.203369140625,0.8875,0.975,0.9932421875,0.8859179687499997
esc50,clap,global_threshold,linear,40,10,0,0.9280317425727844,0.928125,0.925,0.978046875,0.9216796875000002
esc50,clap,global_threshold,linear,30,20,0,0.9346745610237122,0.95,0.8875,0.9720572916666667,0.9393749999999997
esc50,clap,global_threshold,linear,20,30,0,0.9480522274971008,0.9375,0.9041666666666667,0.968359375,0.9244140625000002
esc50,clap,global_threshold,linear,15,35,0,0.9468196630477905,0.9333333333333333,0.8928571428571429,0.9725,0.9263095238095235
esc50,clap,global_threshold,linear,10,40,0,0.9844887256622314,0.9625,0.946875,0.994375,0.9595507812499999
esc50,clap,global_threshold,energy,40,10,0,8.304180145263672,0.9625,0.925,0.9894921875,0.9597656249999997
esc50,clap,global_threshold,energy,30,20,0,7.863714218139648,0.9625,0.90625,0.9816666666666667,0.9530078124999999
esc50,clap,global_threshold,energy,20,30,0,7.56618595123291,0.9375,0.9291666666666667,0.9811979166666668,0.9290104166666668
esc50,clap,global_threshold,energy,15,35,0,7.25381326675415,0.9333333333333333,0.925,0.9814583333333333,0.9273065476190472
esc50,clap,global_threshold,energy,10,40,0,6.7828192710876465,0.95,0.95625,0.9958984375,0.94802734375
esc50,clap,global_threshold,openmax,40,10,0,-12.685918807983398,0.975,0.5625,0.97390625,0.9645312499999998
esc50,clap,global_threshold,openmax,30,20,0,-10.619361877441406,0.9708333333333333,0.71875,0.9728385416666666,0.9618098958333335
esc50,clap,global_threshold,openmax,20,30,0,-7.540647506713867,0.94375,0.8958333333333334,0.9696093749999999,0.9355989583333331
esc50,clap,global_threshold,openmax,15,35,0,-6.425268650054932,0.9416666666666667,0.9107142857142857,0.9619940476190476,0.930714285714286
esc50,clap,global_threshold,openmax,10,40,0,-5.5951457023620605,0.9875,0.86875,0.9913671875,0.9803515625
esc50,clap,class_threshold,cosine,40,10,0,"{0: 0.7269003987312317, 1: 0.8396216630935669, 2: 0.6737574338912964, 6: 0.7879914045333862, 7: 0.6567116975784302, 8: 0.7918063402175903, 9: 0.8264541625976562, 10: 0.6642042398452759, 11: 0.753137469291687, 13: 0.680519163608551, 14: 0.6747939586639404, 17: 0.8031349182128906, 18: 0.8110769987106323, 19: 0.7970907092094421, 20: 0.6895884871482849, 21: 0.7356867838387537, 22: 0.6582211852073669, 23: 0.6452902555465698, 24: 0.7608815431594849, 26: 0.6159834861755371, 27: 0.7579669952392578, 28: 0.7095803022384644, 29: 0.6525648236274719, 31: 0.6752046346664429, 32: 0.6628826856613159, 33: 0.6004290580749512, 34: 0.6973886489868164, 35: 0.6245011705340762, 36: 0.7452164888381958, 37: 0.6792457699775696, 38: 0.739710807800293, 39: 0.7059757113456726, 41: 0.6855935454368591, 42: 0.7529847025871277, 43: 0.696628212928772, 44: 0.672836422920227, 45: 0.7879824042320251, 46: 0.7939368486404419, 47: 0.6298440098762512, 49: 0.7118326425552368}",0.9375,0.85,0.977421875,0.9288476562500003
esc50,clap,class_threshold,cosine,30,20,0,"{0: 0.7269003987312317, 1: 0.8396216630935669, 2: 0.6737574338912964, 6: 0.7879914045333862, 7: 0.6567116975784302, 8: 0.7918063402175903, 10: 0.5284659531381395, 13: 0.65666663646698, 17: 0.8031349182128906, 19: 0.7970907092094421, 20: 0.6895884871482849, 21: 0.7356867838387537, 22: 0.6582211852073669, 23: 0.6452902555465698, 24: 0.7608815431594849, 26: 0.6159834861755371, 27: 0.7579669952392578, 29: 0.6525648236274719, 31: 0.6752046346664429, 33: 0.6004290580749512, 34: 0.6973886489868164, 36: 0.7452164888381958, 37: 0.6792457699775696, 38: 0.739710807800293, 39: 0.7059757113456726, 41: 0.6855935454368591, 43: 0.696628212928772, 44: 0.672836422920227, 46: 0.7939368486404419, 47: 0.6298440098762512}",0.9416666666666667,0.85,0.9800520833333334,0.9332812499999998
esc50,clap,class_threshold,cosine,20,30,0,"{0: 0.7269003987312317, 2: 0.6737574338912964, 6: 0.7879914045333862, 7: 0.6567116975784302, 10: 0.6642042398452759, 17: 0.8031349182128906, 21: 0.7356867838387537, 22: 0.6582211852073669, 24: 0.7608815431594849, 26: 0.6159834861755371, 29: 0.6525648236274719, 31: 0.6752046346664429, 33: 0.6004290580749512, 34: 0.6973886489868164, 36: 0.7452164888381958, 37: 0.6792457699775696, 38: 0.739710807800293, 39: 0.7059757113456726, 44: 0.672836422920227, 46: 0.7939368486404419}",0.93125,0.925,0.9754947916666666,0.9222395833333332
esc50,clap,class_threshold,cosine,15,35,0,"{2: 0.6737574338912964, 6: 0.7879914045333862, 7: 0.6567116975784302, 10: 0.6642042398452759, 17: 0.8031349182128906, 21: 0.7356867838387537, 22: 0.6582211852073669, 24: 0.7608815431594849, 29: 0.6525648236274719, 31: 0.6752046346664429, 33: 0.6004290580749512, 34: 0.6973886489868164, 37: 0.6792457699775696, 39: 0.7059757113456726, 44: 0.672836422920227}",0.9166666666666666,0.9321428571428572,0.9763988095238096,0.9103571428571429
esc50,clap,class_threshold,cosine,10,40,0,"{6: 0.7879914045333862, 7: 0.6567116975784302, 10: 0.6642042398452759, 17: 0.8031349182128906, 21: 0.7418351173400879, 29: 0.6525648236274719, 33: 0.6004290580749512, 37: 0.6792457699775696, 39: 0.7059757113456726, 44: 0.672836422920227}",0.9625,0.953125,0.9909375,0.9563671874999999
esc50,clap,class_threshold,euclidean,40,10,0,"{0: -22.572370529174805, 1: -17.7138729095459, 2: -24.607343673706055, 6: -20.082117080688477, 7: -25.120033264160156, 8: -20.049102783203125, 9: -18.277162551879883, 10: -24.919214248657227, 11: -21.744915008544922, 13: -23.919355392456055, 14: -24.196605682373047, 17: -19.444181442260742, 18: -19.189651489257812, 19: -19.88019561767578, 20: -24.389074325561523, 21: -22.342619953733504, 22: -25.092975616455078, 23: -25.456960678100586, 24: -21.393165588378906, 26: -26.240251541137695, 27: -21.48578453063965, 28: -23.33987045288086, 29: -25.054792404174805, 31: -24.275014877319336, 32: -25.186717987060547, 33: -26.97964859008789, 34: -23.70810317993164, 35: -25.71546173095703, 36: -21.774051666259766, 37: -24.172006607055664, 38: -22.006052017211914, 39: -23.349645614624023, 41: -24.3918514251709, 42: -21.388240814208984, 43: -23.525415420532227, 44: -24.207359313964844, 45: -20.14543914794922, 46: -20.003538131713867, 47: -25.953168869018555, 49: -23.05667495727539}",0.9375,0.85,0.9776171874999999,0.9287890625000003
esc50,clap,class_threshold,euclidean,30,20,0,"{0: -22.572370529174805, 1: -17.7138729095459, 2: -24.607343673706055, 6: -20.082117080688477, 7: -25.120033264160156, 8: -20.049102783203125, 10: -29.332079983720877, 13: -24.79964828491211, 17: -19.444181442260742, 19: -19.88019561767578, 20: -24.389074325561523, 21: -22.342619953733504, 22: -25.092975616455078, 23: -25.456960678100586, 24: -21.393165588378906, 26: -26.240251541137695, 27: -21.48578453063965, 29: -25.054792404174805, 31: -24.275014877319336, 33: -26.97964859008789, 34: -23.70810317993164, 36: -21.774051666259766, 37: -24.172006607055664, 38: -22.006052017211914, 39: -23.349645614624023, 41: -24.3918514251709, 43: -23.525415420532227, 44: -24.207359313964844, 46: -20.003538131713867, 47: -25.953168869018555}",0.9416666666666667,0.84375,0.9801562500000001,0.9342578124999997
esc50,clap,class_threshold,euclidean,20,30,0,"{0: -22.572370529174805, 2: -24.607343673706055, 6: -20.082117080688477, 7: -25.120033264160156, 10: -24.919214248657227, 17: -19.444181442260742, 21: -22.342619953733504, 22: -25.092975616455078, 24: -21.393165588378906, 26: -26.240251541137695, 29: -25.054792404174805, 31: -24.275014877319336, 33: -26.97964859008789, 34: -23.70810317993164, 36: -21.774051666259766, 37: -24.172006607055664, 38: -22.006052017211914, 39: -23.349645614624023, 44: -24.207359313964844, 46: -20.003538131713867}",0.93125,0.9208333333333333,0.9757291666666668,0.9224999999999999
esc50,clap,class_threshold,euclidean,15,35,0,"{2: -24.607343673706055, 6: -20.082117080688477, 7: -25.120033264160156, 10: -24.919214248657227, 17: -19.444181442260742, 21: -22.342619953733504, 22: -25.092975616455078, 24: -21.393165588378906, 29: -25.054792404174805, 31: -24.275014877319336, 33: -26.97964859008789, 34: -23.70810317993164, 37: -24.172006607055664, 39: -23.349645614624023, 44: -24.207359313964844}",0.9166666666666666,0.9285714285714286,0.9763690476190476,0.9106249999999999
esc50,clap,class_threshold,euclidean,10,40,0,"{6: -20.082117080688477, 7: -25.120033264160156, 10: -24.919214248657227, 17: -19.444181442260742, 21: -22.097999572753906, 29: -25.054792404174805, 33: -26.97964859008789, 37: -24.172006607055664, 39: -23.349645614624023, 44: -24.207359313964844}",0.9625,0.953125,0.991796875,0.95703125
esc50,clap,class_threshold,mahalanobis,40,10,0,"{0: -96.36734008789062, 1: -70.96942138671875, 2: -128.56912231445312, 6: -87.77291870117188, 7: -114.70025634765625, 8: -94.14627075195312, 9: -68.76016235351562, 10: -110.92222595214844, 11: -104.53471374511719, 13: -122.39051818847656, 14: -125.97903442382812, 17: -78.6409683227539, 18: -78.2874755859375, 19: -98.32786560058594, 20: -121.13831329345703, 21: -104.61409719062574, 22: -115.46929931640625, 23: -132.66510009765625, 24: -86.52545166015625, 26: -132.92166137695312, 27: -90.14312744140625, 28: -93.22369384765625, 29: -140.23606872558594, 31: -104.41092681884766, 32: -140.19546508789062, 33: -154.76077270507812, 34: -109.03665924072266, 35: -147.05873716720427, 36: -113.85479736328125, 37: -115.513916015625, 38: -119.32562255859375, 39: -131.17434692382812, 41: -111.43216705322266, 42: -119.57685852050781, 43: -126.87701416015625, 44: -131.70684814453125, 45: -92.12957763671875, 46: -86.09597778320312, 47: -137.68038940429688, 49: -93.67848205566406}",0.90625,0.85,0.9747265624999999,0.8974218749999997
esc50,clap,class_threshold,mahalanobis,30,20,0,"{0: -97.07568359375, 1: -70.39813232421875, 2: -131.36119079589844, 6: -88.15402221679688, 7: -114.40350341796875, 8: -92.73897552490234, 10: -111.74189758300781, 13: -121.24330139160156, 17: -84.67564392089844, 19: -98.99417114257812, 20: -117.9990234375, 21: -106.2272212095935, 22: -119.062744140625, 23: -133.01336669921875, 24: -90.0189208984375, 26: -131.00881958007812, 27: -95.3129653930664, 29: -139.45863342285156, 31: -106.52072143554688, 33: -151.83184814453125, 34: -107.5087890625, 36: -126.90130615234375, 37: -114.05674743652344, 38: -117.7109375, 39: -130.5498809814453, 41: -110.6733627319336, 43: -126.60698699951172, 44: -131.1737060546875, 46: -87.0788803100586, 47: -143.31036376953125}",0.8958333333333334,0.91875,0.983984375,0.8913411458333336
esc50,clap,class_threshold,mahalanobis,20,30,0,"{0: -97.09965515136719, 2: -126.7550048828125, 6: -88.49649810791016, 7: -121.59609985351562, 10: -112.04731750488281, 17: -82.44393920898438, 21: -118.76708984375, 22: -104.27264404296875, 24: -100.36616516113281, 26: -119.19694519042969, 29: -130.9888916015625, 31: -109.12958526611328, 33: -143.3594207763672, 34: -99.50630187988281, 36: -121.61737823486328, 37: -110.36473846435547, 38: -112.79295349121094, 39: -126.2396469116211, 44: -143.23727416992188, 46: -83.28611755371094}",0.8375,0.9708333333333333,0.9843489583333334,0.8339453125000001
esc50,clap,class_threshold,mahalanobis,15,35,0,"{2: -122.97016906738281, 6: -90.65528869628906, 7: -117.30364990234375, 10: -110.00885009765625, 17: -78.817626953125, 21: -127.96153259277344, 22: -103.27455139160156, 24: -99.76791381835938, 29: -126.77490234375, 31: -101.78695678710938, 33: -135.8703155517578, 34: -96.1952133178711, 37: -107.72664642333984, 39: -124.23661041259766, 44: -141.04483032226562}",0.8333333333333334,0.9964285714285714,0.9903869047619048,0.8318154761904762
esc50,clap,class_threshold,mahalanobis,10,40,0,"{6: -88.1374282836914, 7: -102.93611145019531, 10: -107.65980529785156, 17: -75.21798706054688, 21: -119.27053833007812, 29: -115.3970947265625, 33: -117.53829956054688, 37: -99.52130126953125, 39: -114.04344940185547, 44: -122.203369140625}",0.8375,0.99375,0.9932421875,0.8364257812500001
esc50,clap,class_threshold,linear,40,10,0,"{0: 0.9904392957687378, 1: 0.9654790163040161, 2: 0.9866892695426941, 6: 0.9733047485351562, 7: 0.9877728819847107, 8: 0.9932645559310913, 9: 0.9923527836799622, 10: 0.9797682166099548, 11: 0.9835669994354248, 13: 0.9735487103462219, 14: 0.9765507578849792, 17: 0.9758318662643433, 18: 0.988500714302063, 19: 0.9888685941696167, 20: 0.9840309619903564, 21: 0.9342128038406372, 22: 0.9957389831542969, 23: 0.9756869673728943, 24: 0.9534692168235779, 26: 0.988311231136322, 27: 0.994149923324585, 28: 0.9791725873947144, 29: 0.9765002727508545, 31: 0.9698711037635803, 32: 0.9728431701660156, 33: 0.982631266117096, 34: 0.9859517812728882, 35: 0.9280317425727844, 36: 0.9757741093635559, 37: 0.9846238493919373, 38: 0.9831008911132812, 39: 0.9907367825508118, 41: 0.9798348546028137, 42: 0.9868916869163513, 43: 0.9677643775939941, 44: 0.9495133757591248, 45: 0.9909313917160034, 46: 0.9937340617179871, 47: 0.964927613735199, 49: 0.9783723950386047}",0.865625,0.9875,0.978046875,0.8602539062499996
esc50,clap,class_threshold,linear,30,20,0,"{0: 0.9908349514007568, 1: 0.9752998948097229, 2: 0.986630380153656, 6: 0.976287305355072, 7: 0.9899784326553345, 8: 0.9924322366714478, 10: 0.9825901389122009, 13: 0.9886410236358643, 17: 0.9797552824020386, 19: 0.988247811794281, 20: 0.986710250377655, 21: 0.9346745610237122, 22: 0.9952705502510071, 23: 0.9825246930122375, 24: 0.9497619271278381, 26: 0.9895662069320679, 27: 0.9921802282333374, 29: 0.9773312211036682, 31: 0.984952986240387, 33: 0.9881397485733032, 34: 0.9899240136146545, 36: 0.985663890838623, 37: 0.9859350919723511, 38: 0.9833352565765381, 39: 0.9947040677070618, 41: 0.9743766188621521, 43: 0.9840190410614014, 44: 0.9438052177429199, 46: 0.9947633743286133, 47: 0.9686357975006104}",0.8833333333333333,0.975,0.9720572916666667,0.87609375
esc50,clap,class_threshold,linear,20,30,0,"{0: 0.992267906665802, 2: 0.9892085194587708, 6: 0.9884845614433289, 7: 0.9943852424621582, 10: 0.9882513880729675, 17: 0.979889988899231, 21: 0.9480522274971008, 22: 0.9957095384597778, 24: 0.9639606475830078, 26: 0.9919840693473816, 29: 0.9773514866828918, 31: 0.9848071336746216, 33: 0.9884811639785767, 34: 0.9908062815666199, 36: 0.988036036491394, 37: 0.9864696264266968, 38: 0.9847071766853333, 39: 0.9956192374229431, 44: 0.989626407623291, 46: 0.9940091371536255}",0.85,0.95,0.968359375,0.842578125
esc50,clap,class_threshold,linear,15,35,0,"{2: 0.9891332983970642, 6: 0.9944536089897156, 7: 0.9949581027030945, 10: 0.9899017810821533, 17: 0.9799482822418213, 21: 0.9468196630477905, 22: 0.9969804883003235, 24: 0.9642440676689148, 29: 0.9776759147644043, 31: 0.9834448099136353, 33: 0.9883282780647278, 34: 0.9861389994621277, 37: 0.9917603135108948, 39: 0.996759831905365, 44: 0.9950029253959656}",0.8833333333333333,0.9785714285714285,0.9725,0.8789880952380952
esc50,clap,class_threshold,linear,10,40,0,"{6: 0.9954997897148132, 7: 0.9956036806106567, 10: 0.9914798736572266, 17: 0.9844887256622314, 21: 0.9952797889709473, 29: 0.9850897789001465, 33: 0.9922631978988647, 37: 0.9959445595741272, 39: 0.9977136850357056, 44: 0.9940876960754395}",0.9625,0.975,0.994375,0.9595507812499999
esc50,clap,class_threshold,energy,40,10,0,"{0: 9.41292667388916, 1: 9.275765419006348, 2: 9.765583038330078, 6: 9.169713020324707, 7: 9.653341293334961, 8: 9.489984512329102, 9: 10.197599411010742, 10: 8.989224433898926, 11: 9.11150074005127, 13: 9.01170539855957, 14: 8.975390434265137, 17: 10.293099403381348, 18: 9.484095573425293, 19: 10.309225082397461, 20: 9.8006591796875, 21: 10.433928489685059, 22: 10.093692779541016, 23: 8.304180145263672, 24: 8.97193431854248, 26: 9.821039199829102, 27: 9.756924629211426, 28: 9.812564849853516, 29: 8.726879119873047, 31: 8.975810050964355, 32: 9.519107818603516, 33: 9.523955345153809, 34: 9.561040878295898, 35: 8.798460006713867, 36: 9.6274995803833, 37: 9.69952392578125, 38: 9.965337753295898, 39: 9.739480018615723, 41: 9.773566246032715, 42: 9.980568885803223, 43: 8.909550666809082, 44: 8.931601524353027, 45: 9.51685619354248, 46: 9.78442096710205, 47: 8.723752975463867, 49: 8.709715843200684}",0.89375,0.975,0.9894921875,0.8925781249999999
esc50,clap,class_threshold,energy,30,20,0,"{0: 8.839858055114746, 1: 8.694463729858398, 2: 9.27307415008545, 6: 8.538941383361816, 7: 9.013707160949707, 8: 9.053179740905762, 10: 8.65330696105957, 13: 8.905900955200195, 17: 9.773530960083008, 19: 9.476567268371582, 20: 9.649386405944824, 21: 9.448958396911621, 22: 9.531039237976074, 23: 8.24548625946045, 24: 7.863714218139648, 26: 9.098490715026855, 27: 8.871244430541992, 29: 8.162692070007324, 31: 8.906234741210938, 33: 9.324463844299316, 34: 9.19068717956543, 36: 9.413985252380371, 37: 9.258867263793945, 38: 9.275535583496094, 39: 9.391712188720703, 41: 8.656608581542969, 43: 8.957964897155762, 44: 8.856207847595215, 46: 9.491230964660645, 47: 8.366487503051758}",0.8916666666666667,0.98125,0.9816666666666667,0.8850651041666664
esc50,clap,class_threshold,energy,20,30,0,"{0: 8.081310272216797, 2: 8.714262962341309, 6: 8.12828254699707, 7: 8.735650062561035, 10: 8.31737232208252, 17: 9.357133865356445, 21: 8.4860200881958, 22: 9.030327796936035, 24: 7.831678867340088, 26: 8.633077621459961, 29: 7.56618595123291, 31: 8.217637062072754, 33: 8.414196968078613, 34: 8.549031257629395, 36: 8.577412605285645, 37: 8.683993339538574, 38: 8.092243194580078, 39: 8.804597854614258, 44: 8.867302894592285, 46: 8.800763130187988}",0.88125,0.95,0.9811979166666668,0.8757682291666666
esc50,clap,class_threshold,energy,15,35,0,"{2: 8.154606819152832, 6: 8.006878852844238, 7: 8.222343444824219, 10: 8.219914436340332, 17: 8.692829132080078, 21: 7.85460901260376, 22: 8.750242233276367, 24: 7.294807434082031, 29: 7.25381326675415, 31: 7.666696071624756, 33: 7.935758590698242, 34: 7.345032691955566, 37: 8.938253402709961, 39: 7.9027509689331055, 44: 8.050189018249512}",0.875,0.9714285714285714,0.9814583333333333,0.8707738095238095
esc50,clap,class_threshold,energy,10,40,0,"{6: 6.950786590576172, 7: 7.705865383148193, 10: 7.363556385040283, 17: 8.098462104797363, 21: 7.587493896484375, 29: 6.7828192710876465, 33: 7.085757732391357, 37: 7.4758782386779785, 39: 7.6269731521606445, 44: 7.713028907775879}",0.925,0.971875,0.9958984375,0.9231835937500001
esc50,clap,class_threshold,openmax,40,10,0,"{0: -10.256546974182129, 1: -8.99550724029541, 2: -11.608553886413574, 6: -8.483293533325195, 7: -11.915536880493164, 8: -9.270624160766602, 9: -8.862862586975098, 10: -11.538864135742188, 11: -9.048646926879883, 13: -11.120370864868164, 14: -12.371878623962402, 17: -8.631509780883789, 18: -7.887552738189697, 19: -9.036576271057129, 20: -10.282882690429688, 21: -9.617130279541016, 22: -10.751495361328125, 23: -12.466407775878906, 24: -9.094696044921875, 26: -10.668441772460938, 27: -9.18783187866211, 28: -9.240478515625, 29: -11.435956954956055, 31: -10.542372703552246, 32: -10.544224739074707, 33: -10.402204513549805, 34: -9.2344331741333, 35: -11.571966171264648, 36: -10.501940727233887, 37: -12.343283653259277, 38: -9.746467590332031, 39: -9.531106948852539, 41: -11.22114086151123, 42: -10.187159538269043, 43: -9.81330394744873, 44: -10.271485328674316, 45: -8.950028419494629, 46: -7.751965045928955, 47: -12.685918807983398, 49: -11.952946662902832}",0.9375,0.8875,0.97390625,0.9337304687500002
esc50,clap,class_threshold,openmax,30,20,0,"{0: -7.463430881500244, 1: -6.711678981781006, 2: -9.998943328857422, 6: -7.539078712463379, 7: -8.865382194519043, 8: -7.3716044425964355, 10: -9.421562194824219, 13: -8.988313674926758, 17: -6.691915035247803, 19: -6.708791255950928, 20: -9.129982948303223, 21: -8.558292388916016, 22: -7.986439228057861, 23: -9.731666564941406, 24: -7.261242866516113, 26: -9.125333786010742, 27: -7.841560363769531, 29: -9.031436920166016, 31: -8.67261028289795, 33: -9.015436172485352, 34: -8.264159202575684, 36: -8.895711898803711, 37: -9.746299743652344, 38: -7.304863452911377, 39: -8.114370346069336, 41: -8.950907707214355, 43: -8.320133209228516, 44: -8.660775184631348, 46: -6.971621036529541, 47: -10.619361877441406}",0.925,0.89375,0.9728385416666666,0.9194140625
esc50,clap,class_threshold,openmax,20,30,0,"{0: -6.233027935028076, 2: -7.344254493713379, 6: -5.514225959777832, 7: -6.746675491333008, 10: -7.016235828399658, 17: -5.749270915985107, 21: -6.1634392738342285, 22: -6.581440448760986, 24: -5.4376749992370605, 26: -7.540647506713867, 29: -7.471266269683838, 31: -6.724404811859131, 33: -7.0080132484436035, 34: -7.024668216705322, 36: -5.682419776916504, 37: -6.910420894622803, 38: -6.268984317779541, 39: -5.170753002166748, 44: -6.415432453155518, 46: -5.741884708404541}",0.9125,0.9791666666666666,0.9696093749999999,0.9057291666666666
esc50,clap,class_threshold,openmax,15,35,0,"{2: -6.295670032501221, 6: -4.87290620803833, 7: -5.496386528015137, 10: -6.346179008483887, 17: -5.517708778381348, 21: -5.606457710266113, 22: -5.402702808380127, 24: -4.772304534912109, 29: -6.425268650054932, 31: -6.090817928314209, 33: -6.403524398803711, 34: -6.393665790557861, 37: -5.618027687072754, 39: -4.822044372558594, 44: -5.3852458000183105}",0.9083333333333333,0.9571428571428572,0.9619940476190476,0.8995386904761904
esc50,clap,class_threshold,openmax,10,40,0,"{6: -3.7438676357269287, 7: -4.569611072540283, 10: -4.7387518882751465, 17: -4.329397201538086, 21: -3.5474040508270264, 29: -4.6169867515563965, 33: -5.5951457023620605, 37: -4.648437976837158, 39: -3.498368978500366, 44: -4.953202724456787}",0.975,0.94375,0.9913671875,0.9688671875000002
esc50,audiotovector,global_threshold,cosine,40,10,0,0.605023205280304,0.078125,0.0,0.5272265624999999,0.03791015625
esc50,audiotovector,global_threshold,cosine,30,20,0,0.605023205280304,0.11666666666666667,0.0,0.5066406250000001,0.05627604166666666
esc50,audiotovector,global_threshold,cosine,20,30,0,0.605023205280304,0.1625,0.0,0.5305208333333333,0.08041666666666666
esc50,audiotovector,global_threshold,cosine,15,35,0,0.4246547222137451,0.125,0.0,0.6363988095238096,0.09138392857142859
esc50,audiotovector,global_threshold,cosine,10,40,0,0.4246547222137451,0.2125,0.0,0.64171875,0.15507812499999996
esc50,audiotovector,global_threshold,euclidean,40,10,0,-212821.234375,0.09375,0.0,0.5786328125,0.0487890625
esc50,audiotovector,global_threshold,euclidean,30,20,0,-212821.234375,0.1375,0.0,0.4341666666666667,0.0571875
esc50,audiotovector,global_threshold,euclidean,20,30,0,-212821.234375,0.16875,0.0,0.4221875,0.07055989583333333
esc50,audiotovector,global_threshold,euclidean,15,35,0,-207583.03125,0.15,0.0,0.44029761904761905,0.05852678571428571
esc50,audiotovector,global_threshold,euclidean,10,40,0,-190649.375,0.25,0.003125,0.4891796875,0.11345703124999999
esc50,audiotovector,global_threshold,mahalanobis,40,10,0,-234.61412048339844,0.096875,0.0,0.5041796875000001,0.052617187499999996
esc50,audiotovector,global_threshold,mahalanobis,30,20,0,-218.95269775390625,0.15,0.0,0.47257812500000007,0.07048177083333332
esc50,audiotovector,global_threshold,mahalanobis,20,30,0,-200.5231475830078,0.2625,0.0,0.45046875,0.1166015625
esc50,audiotovector,global_threshold,mahalanobis,15,35,0,-182.07333374023438,0.23333333333333334,0.0,0.5192261904761905,0.1343452380952381
esc50,audiotovector,global_threshold,mahalanobis,10,40,0,-150.35028076171875,0.2625,0.003125,0.5423046875,0.15650390625000002
esc50,audiotovector,global_threshold,linear,40,10,0,0.5448014140129089,0.0375,0.0,0.50072265625,0.0041992187500000016
esc50,audiotovector,global_threshold,linear,30,20,0,0.5036620497703552,0.016666666666666666,0.0,0.5232291666666667,0.0014843749999999998
esc50,audiotovector,global_threshold,linear,20,30,0,0.7102264761924744,0.10625,0.0,0.5071354166666667,0.006041666666666667
esc50,audiotovector,global_threshold,linear,15,35,0,0.9144243597984314,0.075,0.0035714285714285713,0.5124702380952381,0.0037500000000000025
esc50,audiotovector,global_threshold,linear,10,40,0,0.9902821779251099,0.15,0.00625,0.4969921875,0.0046875
esc50,audiotovector,global_threshold,energy,40,10,0,7538.7001953125,0.0375,0.0125,0.4533203125,0.013417968749999998
esc50,audiotovector,global_threshold,energy,30,20,0,8562.83984375,0.016666666666666666,0.0,0.5850520833333334,0.011458333333333333
esc50,audiotovector,global_threshold,energy,20,30,0,8577.955078125,0.1,0.0,0.6257291666666667,0.056796875000000004
esc50,audiotovector,global_threshold,energy,15,35,0,9389.6708984375,0.075,0.0035714285714285713,0.6857440476190476,0.05040178571428572
esc50,audiotovector,global_threshold,energy,10,40,0,7984.8955078125,0.15,0.0,0.5742578125,0.11314453125
esc50,audiotovector,global_threshold,openmax,40,10,0,-319464.875,0.0375,0.0,0.5369140625000001,0.0244921875
esc50,audiotovector,global_threshold,openmax,30,20,0,-233174.71875,0.016666666666666666,0.0,0.4625520833333333,0.013151041666666665
esc50,audiotovector,global_threshold,openmax,20,30,0,-126313.8984375,0.10625,0.0,0.43476562500000004,0.0569140625
esc50,audiotovector,global_threshold,openmax,15,35,0,-126689.625,0.075,0.0,0.3749404761904762,0.04470238095238095
esc50,audiotovector,global_threshold,openmax,10,40,0,-114292.1015625,0.15,0.00625,0.414609375,0.0445703125
esc50,audiotovector,class_threshold,cosine,40,10,0,"{0: 0.9997200189214764, 1: 0.9999638199806213, 6: 0.9986755390359898, 7: 0.9978726572460599, 8: 0.9996424913406372, 9: 0.9971782492868828, 10: 0.99991774559021, 11: 0.9995989799499512, 13: 0.9998807467595495, 14: 0.9998504519462585, 17: 0.999608039855957, 18: 0.9994971752166748, 19: 0.998460317500914, 20: 0.9985776826588795, 21: 0.9999060034751892, 22: 0.99843633, 23: 0.9997104773617754, 24: 0.999905921594061, 26: 0.9985309785062616, 27: 0.9991991194811735, 28: 0.9998560547828674, 29: 0.9999104437201914, 31: 0.9999110698699951, 32: 0.9997159838676453, 33: 0.9997745, 34: 0.999909105324986, 35: 0.9996163291160507, 36: 0.9997300505638123, 37: 0.9990263629441309, 38: 0.9999529123306274, 39: 0.9999414188693269, 41: 0.9992533, 42: 0.9821120566791959, 43: 0.9996488690376282, 44: 0.9968923113562844, 45: 0.9999381303787231, 46: 0.9997586824677207, 47: 0.9997166088133147}",0.0,0.9625,0.5272265624999999,0.0
esc50,audiotovector,class_threshold,cosine,30,20,0,"{0: 0.9997200189214764, 1: 0.9999638199806213, 2: 0.9982011041255913, 6: 0.9986755390359898, 7: 0.9978726572460599, 8: 0.9996424913406372, 10: 0.99991774559021, 13: 0.9998590350151062, 17: 0.9989322917629974, 19: 0.998460317500914, 20: 0.9985776826588795, 21: 0.9999060034751892, 22: 0.99843633, 23: 0.999622617707108, 24: 0.9998915791511536, 26: 0.9988962423921836, 27: 0.9991958141326904, 29: 0.9999104437201914, 31: 0.9999110698699951, 33: 0.9997745, 34: 0.999909105324986, 36: 0.9997300505638123, 37: 0.9992345860510161, 38: 0.9999529123306274, 39: 0.9999414188693269, 41: 0.996991358622156, 43: 0.9994807243347168, 44: 0.9970692721280184, 46: 0.9997659259372287, 47: 0.9998023509979248}",0.0,0.95625,0.5066406250000001,0.0
esc50,audiotovector,class_threshold,cosine,20,30,0,"{0: 0.9997202127870887, 2: 0.99776281190641, 7: 0.9978688455591298, 10: 0.9998034834861755, 17: 0.9989322917629974, 21: 0.9999060034751892, 22: 0.99544454, 24: 0.9998915791511536, 26: 0.9989525091768515, 29: 0.9999104437201914, 31: 0.9999110698699951, 33: 0.9997745, 34: 0.999909105324986, 36: 0.9997300505638123, 37: 0.9992345860510161, 38: 0.9999529123306274, 39: 0.9998724460601807, 44: 0.9970692721280184, 46: 0.9992188070759629}",0.0,0.9666666666666667,0.5305208333333333,0.0
esc50,audiotovector,class_threshold,cosine,15,35,0,"{2: 0.995107215462309, 6: 0.998032, 7: 0.9978688455591298, 10: 0.9998034834861755, 17: 0.9976663776118346, 21: 0.9999060034751892, 22: 0.99544454, 24: 0.9998915791511536, 29: 0.9999104437201914, 31: 0.9999110698699951, 34: 0.9999034194031147, 37: 0.9995231628417969, 39: 0.9998724460601807, 44: 0.9968614036386664}",0.0,0.9464285714285714,0.6363988095238096,0.0
esc50,audiotovector,class_threshold,cosine,10,40,0,"{6: 0.998032, 7: 0.9978214580603321, 10: 0.9968509529576157, 17: 0.9976804322666593, 21: 0.9982833699746565, 29: 0.9997633382527515, 37: 0.9985951781272888, 39: 0.9998724460601807, 44: 0.996331082450019}",0.05,0.871875,0.64171875,0.04560546875
esc50,audiotovector,class_threshold,euclidean,40,10,0,"{0: -18220.377485795456, 1: -10713.703218710543, 2: -11275.053010574495, 6: -18534.491161616163, 7: -12192.810763888889, 8: -4859.715568773674, 9: -11193.883917297979, 10: -948.2593895497939, 11: -3567.6706666272094, 13: -1851.353626598011, 14: -2036.7996826171875, 17: -23422.280815972223, 18: -2936.3799913194416, 19: -4641.302231297349, 20: -7577.976774581755, 21: -13241.274917140152, 22: -15325.0699771149, 23: -7138.786399147728, 24: -11182.78076171875, 26: -12535.224234532827, 27: -8050.072734177715, 28: -3000.11572265625, 29: -4574.034584122477, 31: -6748.458096590912, 32: -5466.996868095011, 33: -10956.18108822601, 34: -9634.94149009628, 35: -2813.6589478772094, 36: -1251.693115234375, 37: -12047.617853338068, 38: -2627.766845703125, 39: -9994.1318359375, 41: -4493.407056403885, 43: -15463.50314670139, 44: -11020.440518465908, 45: -667.5814819335938, 46: -1449.667458274148, 47: -1361.5144079959755}",0.0,0.95,0.5786328125,0.0
esc50,audiotovector,class_threshold,euclidean,30,20,0,"{0: -26641.699593592173, 1: -10713.703218710543, 2: -5112.08251953125, 6: -15104.469992897728, 7: -12192.810763888889, 8: -5284.910264756944, 10: -1103.022258103494, 13: -1652.975830078125, 17: -23422.280815972223, 19: -4641.302231297349, 20: -7577.976774581755, 21: -14838.82009548611, 22: -15325.0699771149, 23: -8499.647135416668, 24: -11182.78076171875, 26: -12616.458767361113, 27: -8403.672407670452, 29: -4685.452651515152, 31: -11165.58229758522, 33: -10956.18108822601, 34: -9634.94149009628, 36: -1251.693115234375, 37: -12067.83408794981, 38: -5256.4483235677035, 39: -15084.063851404673, 41: -4734.669024226641, 43: -27624.47180792298, 44: -11020.440518465908, 46: -1448.923273259943, 47: -1130.0255126953125}",0.008333333333333333,0.9375,0.4341666666666667,0.007265625
esc50,audiotovector,class_threshold,euclidean,20,30,0,"{0: -12620.181344696968, 2: -6302.475625394582, 6: -22801.932, 7: -11950.649818497477, 10: -1484.0465679746685, 17: -23422.280815972223, 21: -16639.706833964647, 22: -13193.038342408461, 24: -11261.416015625, 26: -29787.322443181816, 29: -4595.917574179293, 31: -11165.58229758522, 33: -10956.18108822601, 34: -12393.366383562185, 36: -2994.4603456439436, 37: -12537.76430318813, 38: -5256.4483235677035, 39: -15084.063851404673, 44: -11020.440518465908, 46: -2831.5869140625}",0.0125,0.9458333333333333,0.4221875,0.01109375
esc50,audiotovector,class_threshold,euclidean,15,35,0,"{2: -6302.475625394582, 6: -31455.64125631313, 7: -11950.649818497477, 10: -2778.9688683712156, 17: -18731.477479876892, 21: -38472.0234375, 22: -14681.943428424871, 24: -11261.416015625, 29: -4573.248382260099, 31: -11359.477864583328, 33: -11339.926274463382, 34: -14006.046440972219, 37: -17920.211159446015, 39: -17023.404296875, 44: -14091.831962200125}",0.0,0.9535714285714286,0.44029761904761905,0.0
esc50,audiotovector,class_threshold,euclidean,10,40,0,"{6: -59764.83309659091, 7: -11651.036221590912, 10: -7694.521735913819, 17: -18731.477479876892, 21: -55644.68158143939, 29: -10419.900834517044, 33: -35957.82970328283, 37: -17920.211159446015, 39: -17023.404296875, 44: -23342.012951783458}",0.05,0.825,0.4891796875,0.03865234375
esc50,audiotovector,class_threshold,mahalanobis,40,10,0,"{0: -0.31891307114350675, 1: -0.08337362110614777, 2: -0.4133655121832178, 6: -0.38382804, 7: -0.37833995168859325, 8: -0.1896904706954956, 10: -0.050496719777584076, 11: -0.08379290997982025, 13: -0.38674046595891315, 14: -0.1841242015361786, 17: -0.7250775694847107, 18: -0.35255843370851836, 19: -0.22629110515117645, 20: -0.11048413813114166, 21: -0.16820843683348752, 23: -0.8153525922033522, 27: -0.08594814138581053, 28: -0.06622511148452759, 31: -0.758991434116556, 32: -0.10335373547342064, 34: -0.26819944201093726, 35: -9.140700658162416, 36: -0.1900392323732376, 37: -50.83056324660176, 38: -0.06927129626274109, 39: -0.4509473891571316, 41: -0.19330238543375566, 42: -0.8192086135498187, 43: -0.8103696649724786, 44: -2.0081444, 45: -0.07546604161310677, 46: -0.45571826217752515, 47: -0.26641107869870734, 49: -0.2663426910988008}",0.0125,0.875,0.5041796875000001,0.0072265624999999995
esc50,audiotovector,class_threshold,mahalanobis,30,20,0,"{0: -0.3191108297217975, 1: -0.08226903527975082, 2: -0.39757182381369827, 6: -0.39554757, 7: -0.3807785212993622, 8: -0.19861775636672974, 10: -0.14427170157432556, 13: -1.4473531408743425, 17: -0.7149600982666016, 19: -0.21247833967208862, 20: -0.1088070347905159, 21: -0.14924034092462435, 22: -1.0802585, 23: -0.7389455889210557, 27: -0.08896239101886749, 31: -0.6996273064252101, 33: -0.4626806811852889, 34: -0.2671076926318081, 36: -0.20260928571224213, 37: -39.89577865600586, 38: -0.07040676474571228, 39: -0.3727024311971183, 41: -0.2559782862663269, 43: -0.758811688784397, 44: -10.46137809753418, 46: -0.3225708305835724, 47: -0.15960296988487244}",0.004166666666666667,0.9,0.47257812500000007,0.004140625
esc50,audiotovector,class_threshold,mahalanobis,20,30,0,"{0: -0.29842262617265325, 2: -0.37946767518014646, 6: -0.3647535443305969, 7: -0.3461458129112165, 10: -0.1603404720022219, 17: -0.6786261796951294, 21: -0.13342122695963798, 22: -0.8824096322059631, 26: -1.0780554, 31: -0.6562355847069705, 33: -0.39470374584198, 34: -0.2513804300264879, 36: -0.47658610343933105, 37: -38.53940200805664, 38: -0.06749620288610458, 39: -0.26874241895145845, 44: -147.93383741499198, 46: -0.3246693015098572}",0.01875,0.9208333333333333,0.45046875,0.016783854166666667
esc50,audiotovector,class_threshold,mahalanobis,15,35,0,"{2: -0.7465048757466404, 6: -0.4395827521579436, 7: -0.3609035129498954, 10: -0.1670632856060763, 17: -0.6048332452774048, 21: -0.13926923779225087, 22: -0.883255660533905, 29: -4.305303313515403, 31: -0.3854568302631378, 33: -0.42678630352020264, 34: -0.2626949456906078, 37: -3.016325960255628, 39: -0.2785823345184326, 44: -0.6392102241516113}",0.025,0.925,0.5192261904761905,0.020669642857142855
esc50,audiotovector,class_threshold,mahalanobis,10,40,0,"{6: -1.2034482064873282, 7: -0.47454053705388866, 10: -0.6971045786684209, 17: -0.5324712991714478, 21: -0.1286240852240359, 29: -1.785153863405938, 33: -0.5421593116991446, 37: -38.3372802734375, 39: -0.24628944439117362, 44: -0.8337806463241577}",0.0875,0.728125,0.5423046875,0.0633984375
esc50,audiotovector,class_threshold,linear,40,10,0,"{0: 1.0, 1: 1.0, 2: 0.9954020344849789, 6: 1.0, 7: 1.0, 9: 1.0, 10: 1.0, 11: 0.9999998121550588, 13: 1.0, 14: 1.0, 17: 0.9997502649673308, 18: 1.0, 19: 1.0, 20: 1.0, 21: 1.0, 22: 1.0, 23: 0.9999904415824197, 24: 1.0, 26: 1.0, 27: 1.0, 28: 1.0, 29: 0.9999964598453406, 31: 1.0, 32: 1.0, 33: 1.0, 34: 1.0, 35: 1.0, 36: 1.0, 37: 1.0, 38: 1.0, 39: 1.0, 41: 0.9998173496939919, 42: 1.0, 43: 1.0, 44: 0.9999988440311316, 45: 1.0, 46: 1.0, 47: 1.0, 49: 0.9981949594285753}",0.034375,0.1125,0.50072265625,0.0038671875000000017
esc50,audiotovector,class_threshold,linear,30,20,0,"{0: 0.9999489037677495, 1: 1.0, 2: 1.0, 6: 0.6963636489829632, 7: 0.9302164713541666, 10: 1.0, 13: 1.0, 17: 0.9999810288650821, 19: 1.0, 20: 1.0, 21: 0.9999988440311316, 22: 1.0, 23: 1.0, 24: 1.0, 26: 1.0, 27: 0.9995087385177612, 29: 1.0, 31: 1.0, 33: 1.0, 34: 1.0, 36: 1.0, 37: 1.0, 38: 0.9994271680562183, 39: 1.0, 41: 1.0, 43: 1.0, 44: 1.0, 46: 0.9104995209761341, 47: 1.0}",0.016666666666666666,0.0875,0.5232291666666667,0.0014843749999999998
esc50,audiotovector,class_threshold,linear,20,30,0,"{0: 0.9986612242881698, 2: 1.0, 6: 1.0, 7: 0.9999906703679249, 10: 0.9999998458708176, 21: 0.998824078627307, 22: 1.0, 24: 0.9999341531233354, 26: 0.9997872957075485, 29: 0.9999992702946519, 31: 1.0, 33: 1.0, 34: 0.9999996953540378, 36: 1.0, 37: 0.9992716131788312, 38: 0.9793267358433116, 39: 1.0, 44: 1.0, 46: 0.9999999108940664}",0.10625,0.04583333333333333,0.5071354166666667,0.006041666666666667
esc50,audiotovector,class_threshold,linear,15,35,0,"{2: 1.0, 6: 0.9999990463256836, 7: 0.9999893434119947, 10: 1.0, 17: 0.9906824899442268, 22: 0.9975713949010829, 24: 1.0, 29: 1.0, 31: 1.0, 33: 0.9924743753491025, 34: 0.9999986128373579, 37: 0.999999033080207, 39: 1.0, 44: 1.0}",0.075,0.039285714285714285,0.5124702380952381,0.0037500000000000025
esc50,audiotovector,class_threshold,linear,10,40,0,"{6: 0.9998940151147168, 7: 0.9999982118606567, 10: 0.9903803377440481, 17: 1.0, 21: 1.0, 33: 0.9999994340569082, 37: 1.0, 39: 1.0, 44: 1.0}",0.15,0.021875,0.4969921875,0.0046875
esc50,audiotovector,class_threshold,energy,40,10,0,"{0: 52847.818033854164, 1: 70502.4311868687, 2: 68531.61952533144, 6: 21679.312549321337, 7: 31454.36328125, 9: 51742.89656328914, 10: 12828.982402146465, 11: 80977.76337594696, 13: 12919.009775489267, 14: 12781.63506155303, 17: 27985.65938683712, 18: 36829.678681344696, 19: 12857.4375, 20: 9281.812973484848, 21: 19266.343424479168, 22: 20341.565074573864, 23: 56365.199179292926, 24: 9111.645714962122, 26: 65898.77919823231, 27: 49851.85635653409, 28: 44911.811631944445, 29: 25934.293955176767, 31: 9724.004823626894, 32: 11839.96403488005, 33: 17984.17146070076, 34: 69397.95304608587, 35: 12700.619949494949, 36: 10774.525568181818, 37: 54981.922111742424, 38: 37888.62194207702, 39: 19300.406092171717, 41: 10321.164772727272, 42: 12121.298759075125, 43: 15687.378748421717, 44: 10094.261590514521, 45: 12743.850299873737, 46: 10719.748076467804, 47: 48476.38671875, 49: 12529.727351641413}",0.003125,0.925,0.4533203125,0.0011914062500000002
esc50,audiotovector,class_threshold,energy,30,20,0,"{0: 62338.71437026515, 1: 69453.28125, 2: 57382.39078282828, 6: 22101.372987689392, 7: 37147.82804608586, 10: 10697.707159485479, 13: 14047.341047190657, 17: 77296.77453243372, 19: 12258.437934027777, 20: 12928.552448311237, 21: 32580.087831439392, 22: 50616.925820707074, 23: 13041.53159524937, 24: 11518.65145596591, 26: 17037.280362215908, 27: 16829.774512705175, 29: 54759.09969815341, 31: 10636.001598011364, 33: 60937.566731770836, 34: 49620.2867739899, 36: 40184.63790246212, 37: 17216.72265625, 38: 10504.5927734375, 39: 13378.6943359375, 41: 12268.118114741163, 43: 59243.72496448863, 44: 14338.879231770832, 46: 17082.318418560608, 47: 21319.095584753788}",0.0,0.93125,0.5850520833333334,0.0
esc50,audiotovector,class_threshold,energy,20,30,0,"{0: 53732.357875631315, 2: 14053.344282670454, 6: 52702.24471275253, 7: 17865.26516137942, 10: 13870.560280539772, 21: 70200.00528724748, 22: 27894.445134943184, 24: 84927.50066090593, 26: 11995.645054056187, 29: 12722.63294073548, 31: 30655.946091777143, 33: 38665.112758443815, 34: 12803.688229955807, 36: 9276.554509943182, 37: 22677.232362689392, 38: 35822.172466856064, 39: 77322.72602982954, 44: 10182.093927556818, 46: 41387.05593039773}",0.00625,0.8833333333333333,0.6257291666666667,0.000494791666666667
esc50,audiotovector,class_threshold,energy,15,35,0,"{2: 43090.83711134786, 6: 24958.096028645832, 7: 50995.89218355429, 10: 12809.028675426136, 17: 40521.29407354798, 22: 34028.15021306818, 24: 27030.551146227903, 29: 65099.989228219696, 31: 14044.917988478535, 33: 12781.486485953283, 34: 32412.062144886364, 37: 43724.94489820076, 39: 12573.581814236111, 44: 10941.01816998106}",0.008333333333333333,0.925,0.6857440476190476,0.0076785714285714304
esc50,audiotovector,class_threshold,energy,10,40,0,"{6: 49232.23229363952, 7: 13204.2138671875, 10: 44299.34509154041, 17: 26171.69408933081, 21: 40300.00625394571, 33: 48219.33291903409, 37: 14388.045276988636, 39: 81148.36825284091, 44: 9990.964932528408}",0.0875,0.940625,0.5742578125,0.07689453125000001
esc50,audiotovector,class_threshold,openmax,40,10,0,"{0: -17474.81069483902, 1: -17942.151672979802, 2: -22128.64555713383, 6: -21886.369436553032, 7: -13779.8134765625, 9: -6590.7578125, 10: -1603.1440694789708, 11: -175727.38099747474, 13: -16542.766276041668, 14: -13725.180545691286, 17: -26641.050465593435, 18: -3931.575037484232, 19: -14746.697877209597, 20: -28661.426491477272, 21: -148790.34201388888, 22: -16883.109375, 23: -19816.6015625, 24: -158843.46732954544, 26: -39014.869998816284, 27: -42840.77627840909, 28: -2027.9429931640625, 29: -54311.643110795456, 31: -119596.710385101, 32: -35005.100615530304, 33: -25370.68485637626, 34: -16671.7890625, 35: -18172.471788194445, 36: -3265.90087890625, 37: -17702.426728219696, 38: -6347.638883956752, 39: -151599.8925189394, 41: -2740.940984552557, 42: -24382.197265625, 43: -65415.72028882576, 44: -18601.131687973484, 45: -20713.460848721592, 46: -2364.703154592803, 47: -15369.764855587127, 49: -15747.5107421875}",0.0,0.925,0.5369140625000001,0.0
esc50,audiotovector,class_threshold,openmax,30,20,0,"{0: -17752.785511363647, 1: -15429.411852904057, 2: -8177.20751953125, 6: -21176.94629892677, 7: -14871.272017045456, 10: -812.208814216383, 13: -3647.520562065971, 17: -61594.49644886362, 19: -12695.694247159092, 20: -14665.879221906565, 21: -99523.63778409091, 22: -13206.582386363647, 23: -66049.33285984848, 24: -121912.87294823233, 26: -41026.421204229795, 27: -7686.661088423294, 29: -7906.865382339005, 31: -93854.17881944444, 33: -9627.387221827667, 34: -107152.60085227274, 36: -11820.196496212127, 37: -18113.434461805555, 38: -48866.31403882576, 39: -146977.15625, 41: -4588.56431995739, 43: -24449.299005681794, 44: -17810.73806423611, 46: -2282.088623046875, 47: -3292.133544921875}",0.0,0.95625,0.4625520833333333,0.0
esc50,audiotovector,class_threshold,openmax,20,30,0,"{0: -5292.3154296875, 2: -12196.754261363636, 6: -10047.833096590912, 7: -11039.966856060604, 10: -9025.041489109848, 21: -15613.911902225373, 22: -11409.267578125, 24: -38772.8799715909, 26: -41769.48828125, 29: -66323.93907828283, 31: -29606.168442234848, 33: -4938.42333984375, 34: -89103.62571022726, 36: -4634.575392597853, 37: -18625.178188131315, 38: -2783.897216796875, 39: -7178.812381628784, 44: -12561.752623895201, 46: -2052.364013671875}",0.0,0.925,0.43476562500000004,0.0
esc50,audiotovector,class_threshold,openmax,15,35,0,"{2: -5046.784460819137, 6: -6361.212851167926, 7: -18559.619140625, 10: -12115.379340277777, 17: -10205.962136008515, 22: -5371.1634385850775, 24: -75474.65411931818, 29: -81892.33222853535, 31: -50544.48942550505, 33: -24243.378728693184, 34: -10644.553543244954, 37: -23679.537484217173, 39: -95339.91208964646, 44: -8293.293609927397}",0.008333333333333333,0.925,0.3749404761904762,0.008065476190476192
esc50,audiotovector,class_threshold,openmax,10,40,0,"{6: -11705.205729166657, 7: -7443.360460069444, 10: -2563.03076171875, 17: -16448.074899384468, 21: -51750.02854719065, 33: -8392.29025607639, 37: -18924.15352746212, 39: -6331.5673828125, 44: -14240.764322916666}",0.025,0.909375,0.414609375,0.0080859375
