filename,target,fold,trio_index
pattern_sounds/pattern_01/pattern_01_08.wav,pattern_01,1,0
pattern_sounds/pattern_01/pattern_01_02.wav,pattern_01,1,0
pattern_sounds/pattern_01/pattern_01_18.wav,pattern_01,1,0
pattern_sounds/pattern_01/pattern_01_16.wav,pattern_01,1,0
pattern_sounds/pattern_01/pattern_01_15.wav,pattern_01,2,0
pattern_sounds/pattern_01/pattern_01_09.wav,pattern_01,2,0
pattern_sounds/pattern_01/pattern_01_07.wav,pattern_01,2,0
pattern_sounds/pattern_01/pattern_01_06.wav,pattern_01,2,0
pattern_sounds/pattern_01/pattern_01_28.wav,pattern_01,3,0
pattern_sounds/pattern_01/pattern_01_39.wav,pattern_01,3,0
pattern_sounds/pattern_01/pattern_01_01.wav,pattern_01,3,0
pattern_sounds/pattern_01/pattern_01_03.wav,pattern_01,3,0
pattern_sounds/pattern_01/pattern_01_34.wav,pattern_01,4,0
pattern_sounds/pattern_01/pattern_01_40.wav,pattern_01,4,0
pattern_sounds/pattern_01/pattern_01_17.wav,pattern_01,4,0
pattern_sounds/pattern_01/pattern_01_20.wav,pattern_01,4,0
pattern_sounds/pattern_01/pattern_01_30.wav,pattern_01,5,0
pattern_sounds/pattern_01/pattern_01_38.wav,pattern_01,5,0
pattern_sounds/pattern_01/pattern_01_32.wav,pattern_01,5,0
pattern_sounds/pattern_01/pattern_01_21.wav,pattern_01,5,0
pattern_sounds/pattern_01/pattern_01_23.wav,pattern_01,6,0
pattern_sounds/pattern_01/pattern_01_14.wav,pattern_01,6,0
pattern_sounds/pattern_01/pattern_01_27.wav,pattern_01,6,0
pattern_sounds/pattern_01/pattern_01_36.wav,pattern_01,6,0
pattern_sounds/pattern_01/pattern_01_35.wav,pattern_01,7,0
pattern_sounds/pattern_01/pattern_01_13.wav,pattern_01,7,0
pattern_sounds/pattern_01/pattern_01_19.wav,pattern_01,7,0
pattern_sounds/pattern_01/pattern_01_24.wav,pattern_01,7,0
pattern_sounds/pattern_01/pattern_01_29.wav,pattern_01,8,0
pattern_sounds/pattern_01/pattern_01_22.wav,pattern_01,8,0
pattern_sounds/pattern_01/pattern_01_33.wav,pattern_01,8,0
pattern_sounds/pattern_01/pattern_01_05.wav,pattern_01,8,0
pattern_sounds/pattern_01/pattern_01_12.wav,pattern_01,9,0
pattern_sounds/pattern_01/pattern_01_31.wav,pattern_01,9,0
pattern_sounds/pattern_01/pattern_01_25.wav,pattern_01,9,0
pattern_sounds/pattern_01/pattern_01_26.wav,pattern_01,9,0
pattern_sounds/pattern_01/pattern_01_37.wav,pattern_01,10,0
pattern_sounds/pattern_01/pattern_01_11.wav,pattern_01,10,0
pattern_sounds/pattern_01/pattern_01_04.wav,pattern_01,10,0
pattern_sounds/pattern_01/pattern_01_10.wav,pattern_01,10,0
pattern_sounds/pattern_02/pattern_02_08.wav,pattern_02,1,2
pattern_sounds/pattern_02/pattern_02_02.wav,pattern_02,1,2
pattern_sounds/pattern_02/pattern_02_18.wav,pattern_02,1,2
pattern_sounds/pattern_02/pattern_02_16.wav,pattern_02,1,2
pattern_sounds/pattern_02/pattern_02_15.wav,pattern_02,2,2
pattern_sounds/pattern_02/pattern_02_09.wav,pattern_02,2,2
pattern_sounds/pattern_02/pattern_02_07.wav,pattern_02,2,2
pattern_sounds/pattern_02/pattern_02_06.wav,pattern_02,2,2
pattern_sounds/pattern_02/pattern_02_28.wav,pattern_02,3,2
pattern_sounds/pattern_02/pattern_02_39.wav,pattern_02,3,2
pattern_sounds/pattern_02/pattern_02_01.wav,pattern_02,3,2
pattern_sounds/pattern_02/pattern_02_03.wav,pattern_02,3,2
pattern_sounds/pattern_02/pattern_02_34.wav,pattern_02,4,2
pattern_sounds/pattern_02/pattern_02_40.wav,pattern_02,4,2
pattern_sounds/pattern_02/pattern_02_17.wav,pattern_02,4,2
pattern_sounds/pattern_02/pattern_02_20.wav,pattern_02,4,2
pattern_sounds/pattern_02/pattern_02_30.wav,pattern_02,5,2
pattern_sounds/pattern_02/pattern_02_38.wav,pattern_02,5,2
pattern_sounds/pattern_02/pattern_02_32.wav,pattern_02,5,2
pattern_sounds/pattern_02/pattern_02_21.wav,pattern_02,5,2
pattern_sounds/pattern_02/pattern_02_23.wav,pattern_02,6,2
pattern_sounds/pattern_02/pattern_02_14.wav,pattern_02,6,2
pattern_sounds/pattern_02/pattern_02_27.wav,pattern_02,6,2
pattern_sounds/pattern_02/pattern_02_36.wav,pattern_02,6,2
pattern_sounds/pattern_02/pattern_02_35.wav,pattern_02,7,2
pattern_sounds/pattern_02/pattern_02_13.wav,pattern_02,7,2
pattern_sounds/pattern_02/pattern_02_19.wav,pattern_02,7,2
pattern_sounds/pattern_02/pattern_02_24.wav,pattern_02,7,2
pattern_sounds/pattern_02/pattern_02_29.wav,pattern_02,8,2
pattern_sounds/pattern_02/pattern_02_22.wav,pattern_02,8,2
pattern_sounds/pattern_02/pattern_02_33.wav,pattern_02,8,2
pattern_sounds/pattern_02/pattern_02_05.wav,pattern_02,8,2
pattern_sounds/pattern_02/pattern_02_12.wav,pattern_02,9,2
pattern_sounds/pattern_02/pattern_02_31.wav,pattern_02,9,2
pattern_sounds/pattern_02/pattern_02_25.wav,pattern_02,9,2
pattern_sounds/pattern_02/pattern_02_26.wav,pattern_02,9,2
pattern_sounds/pattern_02/pattern_02_37.wav,pattern_02,10,2
pattern_sounds/pattern_02/pattern_02_11.wav,pattern_02,10,2
pattern_sounds/pattern_02/pattern_02_04.wav,pattern_02,10,2
pattern_sounds/pattern_02/pattern_02_10.wav,pattern_02,10,2
pattern_sounds/pattern_03/pattern_03_08.wav,pattern_03,1,3
pattern_sounds/pattern_03/pattern_03_02.wav,pattern_03,1,3
pattern_sounds/pattern_03/pattern_03_18.wav,pattern_03,1,3
pattern_sounds/pattern_03/pattern_03_16.wav,pattern_03,1,3
pattern_sounds/pattern_03/pattern_03_15.wav,pattern_03,2,3
pattern_sounds/pattern_03/pattern_03_09.wav,pattern_03,2,3
pattern_sounds/pattern_03/pattern_03_07.wav,pattern_03,2,3
pattern_sounds/pattern_03/pattern_03_06.wav,pattern_03,2,3
pattern_sounds/pattern_03/pattern_03_28.wav,pattern_03,3,3
pattern_sounds/pattern_03/pattern_03_39.wav,pattern_03,3,3
pattern_sounds/pattern_03/pattern_03_01.wav,pattern_03,3,3
pattern_sounds/pattern_03/pattern_03_03.wav,pattern_03,3,3
pattern_sounds/pattern_03/pattern_03_34.wav,pattern_03,4,3
pattern_sounds/pattern_03/pattern_03_40.wav,pattern_03,4,3
pattern_sounds/pattern_03/pattern_03_17.wav,pattern_03,4,3
pattern_sounds/pattern_03/pattern_03_20.wav,pattern_03,4,3
pattern_sounds/pattern_03/pattern_03_30.wav,pattern_03,5,3
pattern_sounds/pattern_03/pattern_03_38.wav,pattern_03,5,3
pattern_sounds/pattern_03/pattern_03_32.wav,pattern_03,5,3
pattern_sounds/pattern_03/pattern_03_21.wav,pattern_03,5,3
pattern_sounds/pattern_03/pattern_03_23.wav,pattern_03,6,3
pattern_sounds/pattern_03/pattern_03_14.wav,pattern_03,6,3
pattern_sounds/pattern_03/pattern_03_27.wav,pattern_03,6,3
pattern_sounds/pattern_03/pattern_03_36.wav,pattern_03,6,3
pattern_sounds/pattern_03/pattern_03_35.wav,pattern_03,7,3
pattern_sounds/pattern_03/pattern_03_13.wav,pattern_03,7,3
pattern_sounds/pattern_03/pattern_03_19.wav,pattern_03,7,3
pattern_sounds/pattern_03/pattern_03_24.wav,pattern_03,7,3
pattern_sounds/pattern_03/pattern_03_29.wav,pattern_03,8,3
pattern_sounds/pattern_03/pattern_03_22.wav,pattern_03,8,3
pattern_sounds/pattern_03/pattern_03_33.wav,pattern_03,8,3
pattern_sounds/pattern_03/pattern_03_05.wav,pattern_03,8,3
pattern_sounds/pattern_03/pattern_03_12.wav,pattern_03,9,3
pattern_sounds/pattern_03/pattern_03_31.wav,pattern_03,9,3
pattern_sounds/pattern_03/pattern_03_25.wav,pattern_03,9,3
pattern_sounds/pattern_03/pattern_03_26.wav,pattern_03,9,3
pattern_sounds/pattern_03/pattern_03_37.wav,pattern_03,10,3
pattern_sounds/pattern_03/pattern_03_11.wav,pattern_03,10,3
pattern_sounds/pattern_03/pattern_03_04.wav,pattern_03,10,3
pattern_sounds/pattern_03/pattern_03_10.wav,pattern_03,10,3
pattern_sounds/pattern_04/pattern_04_08.wav,pattern_04,1,4
pattern_sounds/pattern_04/pattern_04_02.wav,pattern_04,1,4
pattern_sounds/pattern_04/pattern_04_18.wav,pattern_04,1,4
pattern_sounds/pattern_04/pattern_04_16.wav,pattern_04,1,4
pattern_sounds/pattern_04/pattern_04_15.wav,pattern_04,2,4
pattern_sounds/pattern_04/pattern_04_09.wav,pattern_04,2,4
pattern_sounds/pattern_04/pattern_04_07.wav,pattern_04,2,4
pattern_sounds/pattern_04/pattern_04_06.wav,pattern_04,2,4
pattern_sounds/pattern_04/pattern_04_28.wav,pattern_04,3,4
pattern_sounds/pattern_04/pattern_04_39.wav,pattern_04,3,4
pattern_sounds/pattern_04/pattern_04_01.wav,pattern_04,3,4
pattern_sounds/pattern_04/pattern_04_03.wav,pattern_04,3,4
pattern_sounds/pattern_04/pattern_04_34.wav,pattern_04,4,4
pattern_sounds/pattern_04/pattern_04_40.wav,pattern_04,4,4
pattern_sounds/pattern_04/pattern_04_17.wav,pattern_04,4,4
pattern_sounds/pattern_04/pattern_04_20.wav,pattern_04,4,4
pattern_sounds/pattern_04/pattern_04_30.wav,pattern_04,5,4
pattern_sounds/pattern_04/pattern_04_38.wav,pattern_04,5,4
pattern_sounds/pattern_04/pattern_04_32.wav,pattern_04,5,4
pattern_sounds/pattern_04/pattern_04_21.wav,pattern_04,5,4
pattern_sounds/pattern_04/pattern_04_23.wav,pattern_04,6,4
pattern_sounds/pattern_04/pattern_04_14.wav,pattern_04,6,4
pattern_sounds/pattern_04/pattern_04_27.wav,pattern_04,6,4
pattern_sounds/pattern_04/pattern_04_36.wav,pattern_04,6,4
pattern_sounds/pattern_04/pattern_04_35.wav,pattern_04,7,4
pattern_sounds/pattern_04/pattern_04_13.wav,pattern_04,7,4
pattern_sounds/pattern_04/pattern_04_19.wav,pattern_04,7,4
pattern_sounds/pattern_04/pattern_04_24.wav,pattern_04,7,4
pattern_sounds/pattern_04/pattern_04_29.wav,pattern_04,8,4
pattern_sounds/pattern_04/pattern_04_22.wav,pattern_04,8,4
pattern_sounds/pattern_04/pattern_04_33.wav,pattern_04,8,4
pattern_sounds/pattern_04/pattern_04_05.wav,pattern_04,8,4
pattern_sounds/pattern_04/pattern_04_12.wav,pattern_04,9,4
pattern_sounds/pattern_04/pattern_04_31.wav,pattern_04,9,4
pattern_sounds/pattern_04/pattern_04_25.wav,pattern_04,9,4
pattern_sounds/pattern_04/pattern_04_26.wav,pattern_04,9,4
pattern_sounds/pattern_04/pattern_04_37.wav,pattern_04,10,4
pattern_sounds/pattern_04/pattern_04_11.wav,pattern_04,10,4
pattern_sounds/pattern_04/pattern_04_04.wav,pattern_04,10,4
pattern_sounds/pattern_04/pattern_04_10.wav,pattern_04,10,4
pattern_sounds/pattern_05/pattern_05_08.wav,pattern_05,1,4
pattern_sounds/pattern_05/pattern_05_02.wav,pattern_05,1,4
pattern_sounds/pattern_05/pattern_05_18.wav,pattern_05,1,4
pattern_sounds/pattern_05/pattern_05_16.wav,pattern_05,1,4
pattern_sounds/pattern_05/pattern_05_15.wav,pattern_05,2,4
pattern_sounds/pattern_05/pattern_05_09.wav,pattern_05,2,4
pattern_sounds/pattern_05/pattern_05_07.wav,pattern_05,2,4
pattern_sounds/pattern_05/pattern_05_06.wav,pattern_05,2,4
pattern_sounds/pattern_05/pattern_05_28.wav,pattern_05,3,4
pattern_sounds/pattern_05/pattern_05_39.wav,pattern_05,3,4
pattern_sounds/pattern_05/pattern_05_01.wav,pattern_05,3,4
pattern_sounds/pattern_05/pattern_05_03.wav,pattern_05,3,4
pattern_sounds/pattern_05/pattern_05_34.wav,pattern_05,4,4
pattern_sounds/pattern_05/pattern_05_40.wav,pattern_05,4,4
pattern_sounds/pattern_05/pattern_05_17.wav,pattern_05,4,4
pattern_sounds/pattern_05/pattern_05_20.wav,pattern_05,4,4
pattern_sounds/pattern_05/pattern_05_30.wav,pattern_05,5,4
pattern_sounds/pattern_05/pattern_05_38.wav,pattern_05,5,4
pattern_sounds/pattern_05/pattern_05_32.wav,pattern_05,5,4
pattern_sounds/pattern_05/pattern_05_21.wav,pattern_05,5,4
pattern_sounds/pattern_05/pattern_05_23.wav,pattern_05,6,4
pattern_sounds/pattern_05/pattern_05_14.wav,pattern_05,6,4
pattern_sounds/pattern_05/pattern_05_27.wav,pattern_05,6,4
pattern_sounds/pattern_05/pattern_05_36.wav,pattern_05,6,4
pattern_sounds/pattern_05/pattern_05_35.wav,pattern_05,7,4
pattern_sounds/pattern_05/pattern_05_13.wav,pattern_05,7,4
pattern_sounds/pattern_05/pattern_05_19.wav,pattern_05,7,4
pattern_sounds/pattern_05/pattern_05_24.wav,pattern_05,7,4
pattern_sounds/pattern_05/pattern_05_29.wav,pattern_05,8,4
pattern_sounds/pattern_05/pattern_05_22.wav,pattern_05,8,4
pattern_sounds/pattern_05/pattern_05_33.wav,pattern_05,8,4
pattern_sounds/pattern_05/pattern_05_05.wav,pattern_05,8,4
pattern_sounds/pattern_05/pattern_05_12.wav,pattern_05,9,4
pattern_sounds/pattern_05/pattern_05_31.wav,pattern_05,9,4
pattern_sounds/pattern_05/pattern_05_25.wav,pattern_05,9,4
pattern_sounds/pattern_05/pattern_05_26.wav,pattern_05,9,4
pattern_sounds/pattern_05/pattern_05_37.wav,pattern_05,10,4
pattern_sounds/pattern_05/pattern_05_11.wav,pattern_05,10,4
pattern_sounds/pattern_05/pattern_05_04.wav,pattern_05,10,4
pattern_sounds/pattern_05/pattern_05_10.wav,pattern_05,10,4
pattern_sounds/pattern_06/pattern_06_08.wav,pattern_06,1,3
pattern_sounds/pattern_06/pattern_06_02.wav,pattern_06,1,3
pattern_sounds/pattern_06/pattern_06_18.wav,pattern_06,1,3
pattern_sounds/pattern_06/pattern_06_16.wav,pattern_06,1,3
pattern_sounds/pattern_06/pattern_06_15.wav,pattern_06,2,3
pattern_sounds/pattern_06/pattern_06_09.wav,pattern_06,2,3
pattern_sounds/pattern_06/pattern_06_07.wav,pattern_06,2,3
pattern_sounds/pattern_06/pattern_06_06.wav,pattern_06,2,3
pattern_sounds/pattern_06/pattern_06_28.wav,pattern_06,3,3
pattern_sounds/pattern_06/pattern_06_39.wav,pattern_06,3,3
pattern_sounds/pattern_06/pattern_06_01.wav,pattern_06,3,3
pattern_sounds/pattern_06/pattern_06_03.wav,pattern_06,3,3
pattern_sounds/pattern_06/pattern_06_34.wav,pattern_06,4,3
pattern_sounds/pattern_06/pattern_06_40.wav,pattern_06,4,3
pattern_sounds/pattern_06/pattern_06_17.wav,pattern_06,4,3
pattern_sounds/pattern_06/pattern_06_20.wav,pattern_06,4,3
pattern_sounds/pattern_06/pattern_06_30.wav,pattern_06,5,3
pattern_sounds/pattern_06/pattern_06_38.wav,pattern_06,5,3
pattern_sounds/pattern_06/pattern_06_32.wav,pattern_06,5,3
pattern_sounds/pattern_06/pattern_06_21.wav,pattern_06,5,3
pattern_sounds/pattern_06/pattern_06_23.wav,pattern_06,6,3
pattern_sounds/pattern_06/pattern_06_14.wav,pattern_06,6,3
pattern_sounds/pattern_06/pattern_06_27.wav,pattern_06,6,3
pattern_sounds/pattern_06/pattern_06_36.wav,pattern_06,6,3
pattern_sounds/pattern_06/pattern_06_35.wav,pattern_06,7,3
pattern_sounds/pattern_06/pattern_06_13.wav,pattern_06,7,3
pattern_sounds/pattern_06/pattern_06_19.wav,pattern_06,7,3
pattern_sounds/pattern_06/pattern_06_24.wav,pattern_06,7,3
pattern_sounds/pattern_06/pattern_06_29.wav,pattern_06,8,3
pattern_sounds/pattern_06/pattern_06_22.wav,pattern_06,8,3
pattern_sounds/pattern_06/pattern_06_33.wav,pattern_06,8,3
pattern_sounds/pattern_06/pattern_06_05.wav,pattern_06,8,3
pattern_sounds/pattern_06/pattern_06_12.wav,pattern_06,9,3
pattern_sounds/pattern_06/pattern_06_31.wav,pattern_06,9,3
pattern_sounds/pattern_06/pattern_06_25.wav,pattern_06,9,3
pattern_sounds/pattern_06/pattern_06_26.wav,pattern_06,9,3
pattern_sounds/pattern_06/pattern_06_37.wav,pattern_06,10,3
pattern_sounds/pattern_06/pattern_06_11.wav,pattern_06,10,3
pattern_sounds/pattern_06/pattern_06_04.wav,pattern_06,10,3
pattern_sounds/pattern_06/pattern_06_10.wav,pattern_06,10,3
pattern_sounds/pattern_07/pattern_07_08.wav,pattern_07,1,7
pattern_sounds/pattern_07/pattern_07_02.wav,pattern_07,1,7
pattern_sounds/pattern_07/pattern_07_18.wav,pattern_07,1,7
pattern_sounds/pattern_07/pattern_07_16.wav,pattern_07,1,7
pattern_sounds/pattern_07/pattern_07_15.wav,pattern_07,2,7
pattern_sounds/pattern_07/pattern_07_09.wav,pattern_07,2,7
pattern_sounds/pattern_07/pattern_07_07.wav,pattern_07,2,7
pattern_sounds/pattern_07/pattern_07_06.wav,pattern_07,2,7
pattern_sounds/pattern_07/pattern_07_28.wav,pattern_07,3,7
pattern_sounds/pattern_07/pattern_07_39.wav,pattern_07,3,7
pattern_sounds/pattern_07/pattern_07_01.wav,pattern_07,3,7
pattern_sounds/pattern_07/pattern_07_03.wav,pattern_07,3,7
pattern_sounds/pattern_07/pattern_07_34.wav,pattern_07,4,7
pattern_sounds/pattern_07/pattern_07_40.wav,pattern_07,4,7
pattern_sounds/pattern_07/pattern_07_17.wav,pattern_07,4,7
pattern_sounds/pattern_07/pattern_07_20.wav,pattern_07,4,7
pattern_sounds/pattern_07/pattern_07_30.wav,pattern_07,5,7
pattern_sounds/pattern_07/pattern_07_38.wav,pattern_07,5,7
pattern_sounds/pattern_07/pattern_07_32.wav,pattern_07,5,7
pattern_sounds/pattern_07/pattern_07_21.wav,pattern_07,5,7
pattern_sounds/pattern_07/pattern_07_23.wav,pattern_07,6,7
pattern_sounds/pattern_07/pattern_07_14.wav,pattern_07,6,7
pattern_sounds/pattern_07/pattern_07_27.wav,pattern_07,6,7
pattern_sounds/pattern_07/pattern_07_36.wav,pattern_07,6,7
pattern_sounds/pattern_07/pattern_07_35.wav,pattern_07,7,7
pattern_sounds/pattern_07/pattern_07_13.wav,pattern_07,7,7
pattern_sounds/pattern_07/pattern_07_19.wav,pattern_07,7,7
pattern_sounds/pattern_07/pattern_07_24.wav,pattern_07,7,7
pattern_sounds/pattern_07/pattern_07_29.wav,pattern_07,8,7
pattern_sounds/pattern_07/pattern_07_22.wav,pattern_07,8,7
pattern_sounds/pattern_07/pattern_07_33.wav,pattern_07,8,7
pattern_sounds/pattern_07/pattern_07_05.wav,pattern_07,8,7
pattern_sounds/pattern_07/pattern_07_12.wav,pattern_07,9,7
pattern_sounds/pattern_07/pattern_07_31.wav,pattern_07,9,7
pattern_sounds/pattern_07/pattern_07_25.wav,pattern_07,9,7
pattern_sounds/pattern_07/pattern_07_26.wav,pattern_07,9,7
pattern_sounds/pattern_07/pattern_07_37.wav,pattern_07,10,7
pattern_sounds/pattern_07/pattern_07_11.wav,pattern_07,10,7
pattern_sounds/pattern_07/pattern_07_04.wav,pattern_07,10,7
pattern_sounds/pattern_07/pattern_07_10.wav,pattern_07,10,7
pattern_sounds/pattern_08/pattern_08_08.wav,pattern_08,1,6
pattern_sounds/pattern_08/pattern_08_02.wav,pattern_08,1,6
pattern_sounds/pattern_08/pattern_08_18.wav,pattern_08,1,6
pattern_sounds/pattern_08/pattern_08_16.wav,pattern_08,1,6
pattern_sounds/pattern_08/pattern_08_15.wav,pattern_08,2,6
pattern_sounds/pattern_08/pattern_08_09.wav,pattern_08,2,6
pattern_sounds/pattern_08/pattern_08_07.wav,pattern_08,2,6
pattern_sounds/pattern_08/pattern_08_06.wav,pattern_08,2,6
pattern_sounds/pattern_08/pattern_08_28.wav,pattern_08,3,6
pattern_sounds/pattern_08/pattern_08_39.wav,pattern_08,3,6
pattern_sounds/pattern_08/pattern_08_01.wav,pattern_08,3,6
pattern_sounds/pattern_08/pattern_08_03.wav,pattern_08,3,6
pattern_sounds/pattern_08/pattern_08_34.wav,pattern_08,4,6
pattern_sounds/pattern_08/pattern_08_40.wav,pattern_08,4,6
pattern_sounds/pattern_08/pattern_08_17.wav,pattern_08,4,6
pattern_sounds/pattern_08/pattern_08_20.wav,pattern_08,4,6
pattern_sounds/pattern_08/pattern_08_30.wav,pattern_08,5,6
pattern_sounds/pattern_08/pattern_08_38.wav,pattern_08,5,6
pattern_sounds/pattern_08/pattern_08_32.wav,pattern_08,5,6
pattern_sounds/pattern_08/pattern_08_21.wav,pattern_08,5,6
pattern_sounds/pattern_08/pattern_08_23.wav,pattern_08,6,6
pattern_sounds/pattern_08/pattern_08_14.wav,pattern_08,6,6
pattern_sounds/pattern_08/pattern_08_27.wav,pattern_08,6,6
pattern_sounds/pattern_08/pattern_08_36.wav,pattern_08,6,6
pattern_sounds/pattern_08/pattern_08_35.wav,pattern_08,7,6
pattern_sounds/pattern_08/pattern_08_13.wav,pattern_08,7,6
pattern_sounds/pattern_08/pattern_08_19.wav,pattern_08,7,6
pattern_sounds/pattern_08/pattern_08_24.wav,pattern_08,7,6
pattern_sounds/pattern_08/pattern_08_29.wav,pattern_08,8,6
pattern_sounds/pattern_08/pattern_08_22.wav,pattern_08,8,6
pattern_sounds/pattern_08/pattern_08_33.wav,pattern_08,8,6
pattern_sounds/pattern_08/pattern_08_05.wav,pattern_08,8,6
pattern_sounds/pattern_08/pattern_08_12.wav,pattern_08,9,6
pattern_sounds/pattern_08/pattern_08_31.wav,pattern_08,9,6
pattern_sounds/pattern_08/pattern_08_25.wav,pattern_08,9,6
pattern_sounds/pattern_08/pattern_08_26.wav,pattern_08,9,6
pattern_sounds/pattern_08/pattern_08_37.wav,pattern_08,10,6
pattern_sounds/pattern_08/pattern_08_11.wav,pattern_08,10,6
pattern_sounds/pattern_08/pattern_08_04.wav,pattern_08,10,6
pattern_sounds/pattern_08/pattern_08_10.wav,pattern_08,10,6
pattern_sounds/pattern_09/pattern_09_08.wav,pattern_09,1,0
pattern_sounds/pattern_09/pattern_09_02.wav,pattern_09,1,0
pattern_sounds/pattern_09/pattern_09_18.wav,pattern_09,1,0
pattern_sounds/pattern_09/pattern_09_16.wav,pattern_09,1,0
pattern_sounds/pattern_09/pattern_09_15.wav,pattern_09,2,0
pattern_sounds/pattern_09/pattern_09_09.wav,pattern_09,2,0
pattern_sounds/pattern_09/pattern_09_07.wav,pattern_09,2,0
pattern_sounds/pattern_09/pattern_09_06.wav,pattern_09,2,0
pattern_sounds/pattern_09/pattern_09_28.wav,pattern_09,3,0
pattern_sounds/pattern_09/pattern_09_39.wav,pattern_09,3,0
pattern_sounds/pattern_09/pattern_09_01.wav,pattern_09,3,0
pattern_sounds/pattern_09/pattern_09_03.wav,pattern_09,3,0
pattern_sounds/pattern_09/pattern_09_34.wav,pattern_09,4,0
pattern_sounds/pattern_09/pattern_09_40.wav,pattern_09,4,0
pattern_sounds/pattern_09/pattern_09_17.wav,pattern_09,4,0
pattern_sounds/pattern_09/pattern_09_20.wav,pattern_09,4,0
pattern_sounds/pattern_09/pattern_09_30.wav,pattern_09,5,0
pattern_sounds/pattern_09/pattern_09_38.wav,pattern_09,5,0
pattern_sounds/pattern_09/pattern_09_32.wav,pattern_09,5,0
pattern_sounds/pattern_09/pattern_09_21.wav,pattern_09,5,0
pattern_sounds/pattern_09/pattern_09_23.wav,pattern_09,6,0
pattern_sounds/pattern_09/pattern_09_14.wav,pattern_09,6,0
pattern_sounds/pattern_09/pattern_09_27.wav,pattern_09,6,0
pattern_sounds/pattern_09/pattern_09_36.wav,pattern_09,6,0
pattern_sounds/pattern_09/pattern_09_35.wav,pattern_09,7,0
pattern_sounds/pattern_09/pattern_09_13.wav,pattern_09,7,0
pattern_sounds/pattern_09/pattern_09_19.wav,pattern_09,7,0
pattern_sounds/pattern_09/pattern_09_24.wav,pattern_09,7,0
pattern_sounds/pattern_09/pattern_09_29.wav,pattern_09,8,0
pattern_sounds/pattern_09/pattern_09_22.wav,pattern_09,8,0
pattern_sounds/pattern_09/pattern_09_33.wav,pattern_09,8,0
pattern_sounds/pattern_09/pattern_09_05.wav,pattern_09,8,0
pattern_sounds/pattern_09/pattern_09_12.wav,pattern_09,9,0
pattern_sounds/pattern_09/pattern_09_31.wav,pattern_09,9,0
pattern_sounds/pattern_09/pattern_09_25.wav,pattern_09,9,0
pattern_sounds/pattern_09/pattern_09_26.wav,pattern_09,9,0
pattern_sounds/pattern_09/pattern_09_37.wav,pattern_09,10,0
pattern_sounds/pattern_09/pattern_09_11.wav,pattern_09,10,0
pattern_sounds/pattern_09/pattern_09_04.wav,pattern_09,10,0
pattern_sounds/pattern_09/pattern_09_10.wav,pattern_09,10,0
pattern_sounds/pattern_10/pattern_10_08.wav,pattern_10,1,1
pattern_sounds/pattern_10/pattern_10_02.wav,pattern_10,1,1
pattern_sounds/pattern_10/pattern_10_18.wav,pattern_10,1,1
pattern_sounds/pattern_10/pattern_10_16.wav,pattern_10,1,1
pattern_sounds/pattern_10/pattern_10_15.wav,pattern_10,2,1
pattern_sounds/pattern_10/pattern_10_09.wav,pattern_10,2,1
pattern_sounds/pattern_10/pattern_10_07.wav,pattern_10,2,1
pattern_sounds/pattern_10/pattern_10_06.wav,pattern_10,2,1
pattern_sounds/pattern_10/pattern_10_28.wav,pattern_10,3,1
pattern_sounds/pattern_10/pattern_10_39.wav,pattern_10,3,1
pattern_sounds/pattern_10/pattern_10_01.wav,pattern_10,3,1
pattern_sounds/pattern_10/pattern_10_03.wav,pattern_10,3,1
pattern_sounds/pattern_10/pattern_10_34.wav,pattern_10,4,1
pattern_sounds/pattern_10/pattern_10_40.wav,pattern_10,4,1
pattern_sounds/pattern_10/pattern_10_17.wav,pattern_10,4,1
pattern_sounds/pattern_10/pattern_10_20.wav,pattern_10,4,1
pattern_sounds/pattern_10/pattern_10_30.wav,pattern_10,5,1
pattern_sounds/pattern_10/pattern_10_38.wav,pattern_10,5,1
pattern_sounds/pattern_10/pattern_10_32.wav,pattern_10,5,1
pattern_sounds/pattern_10/pattern_10_21.wav,pattern_10,5,1
pattern_sounds/pattern_10/pattern_10_23.wav,pattern_10,6,1
pattern_sounds/pattern_10/pattern_10_14.wav,pattern_10,6,1
pattern_sounds/pattern_10/pattern_10_27.wav,pattern_10,6,1
pattern_sounds/pattern_10/pattern_10_36.wav,pattern_10,6,1
pattern_sounds/pattern_10/pattern_10_35.wav,pattern_10,7,1
pattern_sounds/pattern_10/pattern_10_13.wav,pattern_10,7,1
pattern_sounds/pattern_10/pattern_10_19.wav,pattern_10,7,1
pattern_sounds/pattern_10/pattern_10_24.wav,pattern_10,7,1
pattern_sounds/pattern_10/pattern_10_29.wav,pattern_10,8,1
pattern_sounds/pattern_10/pattern_10_22.wav,pattern_10,8,1
pattern_sounds/pattern_10/pattern_10_33.wav,pattern_10,8,1
pattern_sounds/pattern_10/pattern_10_05.wav,pattern_10,8,1
pattern_sounds/pattern_10/pattern_10_12.wav,pattern_10,9,1
pattern_sounds/pattern_10/pattern_10_31.wav,pattern_10,9,1
pattern_sounds/pattern_10/pattern_10_25.wav,pattern_10,9,1
pattern_sounds/pattern_10/pattern_10_26.wav,pattern_10,9,1
pattern_sounds/pattern_10/pattern_10_37.wav,pattern_10,10,1
pattern_sounds/pattern_10/pattern_10_11.wav,pattern_10,10,1
pattern_sounds/pattern_10/pattern_10_04.wav,pattern_10,10,1
pattern_sounds/pattern_10/pattern_10_10.wav,pattern_10,10,1
pattern_sounds/pattern_11/pattern_11_08.wav,pattern_11,1,6
pattern_sounds/pattern_11/pattern_11_02.wav,pattern_11,1,6
pattern_sounds/pattern_11/pattern_11_18.wav,pattern_11,1,6
pattern_sounds/pattern_11/pattern_11_16.wav,pattern_11,1,6
pattern_sounds/pattern_11/pattern_11_15.wav,pattern_11,2,6
pattern_sounds/pattern_11/pattern_11_09.wav,pattern_11,2,6
pattern_sounds/pattern_11/pattern_11_07.wav,pattern_11,2,6
pattern_sounds/pattern_11/pattern_11_06.wav,pattern_11,2,6
pattern_sounds/pattern_11/pattern_11_28.wav,pattern_11,3,6
pattern_sounds/pattern_11/pattern_11_39.wav,pattern_11,3,6
pattern_sounds/pattern_11/pattern_11_01.wav,pattern_11,3,6
pattern_sounds/pattern_11/pattern_11_03.wav,pattern_11,3,6
pattern_sounds/pattern_11/pattern_11_34.wav,pattern_11,4,6
pattern_sounds/pattern_11/pattern_11_40.wav,pattern_11,4,6
pattern_sounds/pattern_11/pattern_11_17.wav,pattern_11,4,6
pattern_sounds/pattern_11/pattern_11_20.wav,pattern_11,4,6
pattern_sounds/pattern_11/pattern_11_30.wav,pattern_11,5,6
pattern_sounds/pattern_11/pattern_11_38.wav,pattern_11,5,6
pattern_sounds/pattern_11/pattern_11_32.wav,pattern_11,5,6
pattern_sounds/pattern_11/pattern_11_21.wav,pattern_11,5,6
pattern_sounds/pattern_11/pattern_11_23.wav,pattern_11,6,6
pattern_sounds/pattern_11/pattern_11_14.wav,pattern_11,6,6
pattern_sounds/pattern_11/pattern_11_27.wav,pattern_11,6,6
pattern_sounds/pattern_11/pattern_11_36.wav,pattern_11,6,6
pattern_sounds/pattern_11/pattern_11_35.wav,pattern_11,7,6
pattern_sounds/pattern_11/pattern_11_13.wav,pattern_11,7,6
pattern_sounds/pattern_11/pattern_11_19.wav,pattern_11,7,6
pattern_sounds/pattern_11/pattern_11_24.wav,pattern_11,7,6
pattern_sounds/pattern_11/pattern_11_29.wav,pattern_11,8,6
pattern_sounds/pattern_11/pattern_11_22.wav,pattern_11,8,6
pattern_sounds/pattern_11/pattern_11_33.wav,pattern_11,8,6
pattern_sounds/pattern_11/pattern_11_05.wav,pattern_11,8,6
pattern_sounds/pattern_11/pattern_11_12.wav,pattern_11,9,6
pattern_sounds/pattern_11/pattern_11_31.wav,pattern_11,9,6
pattern_sounds/pattern_11/pattern_11_25.wav,pattern_11,9,6
pattern_sounds/pattern_11/pattern_11_26.wav,pattern_11,9,6
pattern_sounds/pattern_11/pattern_11_37.wav,pattern_11,10,6
pattern_sounds/pattern_11/pattern_11_11.wav,pattern_11,10,6
pattern_sounds/pattern_11/pattern_11_04.wav,pattern_11,10,6
pattern_sounds/pattern_11/pattern_11_10.wav,pattern_11,10,6
pattern_sounds/pattern_12/pattern_12_08.wav,pattern_12,1,1
pattern_sounds/pattern_12/pattern_12_02.wav,pattern_12,1,1
pattern_sounds/pattern_12/pattern_12_18.wav,pattern_12,1,1
pattern_sounds/pattern_12/pattern_12_16.wav,pattern_12,1,1
pattern_sounds/pattern_12/pattern_12_15.wav,pattern_12,2,1
pattern_sounds/pattern_12/pattern_12_09.wav,pattern_12,2,1
pattern_sounds/pattern_12/pattern_12_07.wav,pattern_12,2,1
pattern_sounds/pattern_12/pattern_12_06.wav,pattern_12,2,1
pattern_sounds/pattern_12/pattern_12_28.wav,pattern_12,3,1
pattern_sounds/pattern_12/pattern_12_39.wav,pattern_12,3,1
pattern_sounds/pattern_12/pattern_12_01.wav,pattern_12,3,1
pattern_sounds/pattern_12/pattern_12_03.wav,pattern_12,3,1
pattern_sounds/pattern_12/pattern_12_34.wav,pattern_12,4,1
pattern_sounds/pattern_12/pattern_12_40.wav,pattern_12,4,1
pattern_sounds/pattern_12/pattern_12_17.wav,pattern_12,4,1
pattern_sounds/pattern_12/pattern_12_20.wav,pattern_12,4,1
pattern_sounds/pattern_12/pattern_12_30.wav,pattern_12,5,1
pattern_sounds/pattern_12/pattern_12_38.wav,pattern_12,5,1
pattern_sounds/pattern_12/pattern_12_32.wav,pattern_12,5,1
pattern_sounds/pattern_12/pattern_12_21.wav,pattern_12,5,1
pattern_sounds/pattern_12/pattern_12_23.wav,pattern_12,6,1
pattern_sounds/pattern_12/pattern_12_14.wav,pattern_12,6,1
pattern_sounds/pattern_12/pattern_12_27.wav,pattern_12,6,1
pattern_sounds/pattern_12/pattern_12_36.wav,pattern_12,6,1
pattern_sounds/pattern_12/pattern_12_35.wav,pattern_12,7,1
pattern_sounds/pattern_12/pattern_12_13.wav,pattern_12,7,1
pattern_sounds/pattern_12/pattern_12_19.wav,pattern_12,7,1
pattern_sounds/pattern_12/pattern_12_24.wav,pattern_12,7,1
pattern_sounds/pattern_12/pattern_12_29.wav,pattern_12,8,1
pattern_sounds/pattern_12/pattern_12_22.wav,pattern_12,8,1
pattern_sounds/pattern_12/pattern_12_33.wav,pattern_12,8,1
pattern_sounds/pattern_12/pattern_12_05.wav,pattern_12,8,1
pattern_sounds/pattern_12/pattern_12_12.wav,pattern_12,9,1
pattern_sounds/pattern_12/pattern_12_31.wav,pattern_12,9,1
pattern_sounds/pattern_12/pattern_12_25.wav,pattern_12,9,1
pattern_sounds/pattern_12/pattern_12_26.wav,pattern_12,9,1
pattern_sounds/pattern_12/pattern_12_37.wav,pattern_12,10,1
pattern_sounds/pattern_12/pattern_12_11.wav,pattern_12,10,1
pattern_sounds/pattern_12/pattern_12_04.wav,pattern_12,10,1
pattern_sounds/pattern_12/pattern_12_10.wav,pattern_12,10,1
pattern_sounds/pattern_13/pattern_13_08.wav,pattern_13,1,3
pattern_sounds/pattern_13/pattern_13_02.wav,pattern_13,1,3
pattern_sounds/pattern_13/pattern_13_18.wav,pattern_13,1,3
pattern_sounds/pattern_13/pattern_13_16.wav,pattern_13,1,3
pattern_sounds/pattern_13/pattern_13_15.wav,pattern_13,2,3
pattern_sounds/pattern_13/pattern_13_09.wav,pattern_13,2,3
pattern_sounds/pattern_13/pattern_13_07.wav,pattern_13,2,3
pattern_sounds/pattern_13/pattern_13_06.wav,pattern_13,2,3
pattern_sounds/pattern_13/pattern_13_28.wav,pattern_13,3,3
pattern_sounds/pattern_13/pattern_13_39.wav,pattern_13,3,3
pattern_sounds/pattern_13/pattern_13_01.wav,pattern_13,3,3
pattern_sounds/pattern_13/pattern_13_03.wav,pattern_13,3,3
pattern_sounds/pattern_13/pattern_13_34.wav,pattern_13,4,3
pattern_sounds/pattern_13/pattern_13_40.wav,pattern_13,4,3
pattern_sounds/pattern_13/pattern_13_17.wav,pattern_13,4,3
pattern_sounds/pattern_13/pattern_13_20.wav,pattern_13,4,3
pattern_sounds/pattern_13/pattern_13_30.wav,pattern_13,5,3
pattern_sounds/pattern_13/pattern_13_38.wav,pattern_13,5,3
pattern_sounds/pattern_13/pattern_13_32.wav,pattern_13,5,3
pattern_sounds/pattern_13/pattern_13_21.wav,pattern_13,5,3
pattern_sounds/pattern_13/pattern_13_23.wav,pattern_13,6,3
pattern_sounds/pattern_13/pattern_13_14.wav,pattern_13,6,3
pattern_sounds/pattern_13/pattern_13_27.wav,pattern_13,6,3
pattern_sounds/pattern_13/pattern_13_36.wav,pattern_13,6,3
pattern_sounds/pattern_13/pattern_13_35.wav,pattern_13,7,3
pattern_sounds/pattern_13/pattern_13_13.wav,pattern_13,7,3
pattern_sounds/pattern_13/pattern_13_19.wav,pattern_13,7,3
pattern_sounds/pattern_13/pattern_13_24.wav,pattern_13,7,3
pattern_sounds/pattern_13/pattern_13_29.wav,pattern_13,8,3
pattern_sounds/pattern_13/pattern_13_22.wav,pattern_13,8,3
pattern_sounds/pattern_13/pattern_13_33.wav,pattern_13,8,3
pattern_sounds/pattern_13/pattern_13_05.wav,pattern_13,8,3
pattern_sounds/pattern_13/pattern_13_12.wav,pattern_13,9,3
pattern_sounds/pattern_13/pattern_13_31.wav,pattern_13,9,3
pattern_sounds/pattern_13/pattern_13_25.wav,pattern_13,9,3
pattern_sounds/pattern_13/pattern_13_26.wav,pattern_13,9,3
pattern_sounds/pattern_13/pattern_13_37.wav,pattern_13,10,3
pattern_sounds/pattern_13/pattern_13_11.wav,pattern_13,10,3
pattern_sounds/pattern_13/pattern_13_04.wav,pattern_13,10,3
pattern_sounds/pattern_13/pattern_13_10.wav,pattern_13,10,3
pattern_sounds/pattern_14/pattern_14_08.wav,pattern_14,1,2
pattern_sounds/pattern_14/pattern_14_02.wav,pattern_14,1,2
pattern_sounds/pattern_14/pattern_14_18.wav,pattern_14,1,2
pattern_sounds/pattern_14/pattern_14_16.wav,pattern_14,1,2
pattern_sounds/pattern_14/pattern_14_15.wav,pattern_14,2,2
pattern_sounds/pattern_14/pattern_14_09.wav,pattern_14,2,2
pattern_sounds/pattern_14/pattern_14_07.wav,pattern_14,2,2
pattern_sounds/pattern_14/pattern_14_06.wav,pattern_14,2,2
pattern_sounds/pattern_14/pattern_14_28.wav,pattern_14,3,2
pattern_sounds/pattern_14/pattern_14_39.wav,pattern_14,3,2
pattern_sounds/pattern_14/pattern_14_01.wav,pattern_14,3,2
pattern_sounds/pattern_14/pattern_14_03.wav,pattern_14,3,2
pattern_sounds/pattern_14/pattern_14_34.wav,pattern_14,4,2
pattern_sounds/pattern_14/pattern_14_40.wav,pattern_14,4,2
pattern_sounds/pattern_14/pattern_14_17.wav,pattern_14,4,2
pattern_sounds/pattern_14/pattern_14_20.wav,pattern_14,4,2
pattern_sounds/pattern_14/pattern_14_30.wav,pattern_14,5,2
pattern_sounds/pattern_14/pattern_14_38.wav,pattern_14,5,2
pattern_sounds/pattern_14/pattern_14_32.wav,pattern_14,5,2
pattern_sounds/pattern_14/pattern_14_21.wav,pattern_14,5,2
pattern_sounds/pattern_14/pattern_14_23.wav,pattern_14,6,2
pattern_sounds/pattern_14/pattern_14_14.wav,pattern_14,6,2
pattern_sounds/pattern_14/pattern_14_27.wav,pattern_14,6,2
pattern_sounds/pattern_14/pattern_14_36.wav,pattern_14,6,2
pattern_sounds/pattern_14/pattern_14_35.wav,pattern_14,7,2
pattern_sounds/pattern_14/pattern_14_13.wav,pattern_14,7,2
pattern_sounds/pattern_14/pattern_14_19.wav,pattern_14,7,2
pattern_sounds/pattern_14/pattern_14_24.wav,pattern_14,7,2
pattern_sounds/pattern_14/pattern_14_29.wav,pattern_14,8,2
pattern_sounds/pattern_14/pattern_14_22.wav,pattern_14,8,2
pattern_sounds/pattern_14/pattern_14_33.wav,pattern_14,8,2
pattern_sounds/pattern_14/pattern_14_05.wav,pattern_14,8,2
pattern_sounds/pattern_14/pattern_14_12.wav,pattern_14,9,2
pattern_sounds/pattern_14/pattern_14_31.wav,pattern_14,9,2
pattern_sounds/pattern_14/pattern_14_25.wav,pattern_14,9,2
pattern_sounds/pattern_14/pattern_14_26.wav,pattern_14,9,2
pattern_sounds/pattern_14/pattern_14_37.wav,pattern_14,10,2
pattern_sounds/pattern_14/pattern_14_11.wav,pattern_14,10,2
pattern_sounds/pattern_14/pattern_14_04.wav,pattern_14,10,2
pattern_sounds/pattern_14/pattern_14_10.wav,pattern_14,10,2
pattern_sounds/pattern_15/pattern_15_08.wav,pattern_15,1,7
pattern_sounds/pattern_15/pattern_15_02.wav,pattern_15,1,7
pattern_sounds/pattern_15/pattern_15_18.wav,pattern_15,1,7
pattern_sounds/pattern_15/pattern_15_16.wav,pattern_15,1,7
pattern_sounds/pattern_15/pattern_15_15.wav,pattern_15,2,7
pattern_sounds/pattern_15/pattern_15_09.wav,pattern_15,2,7
pattern_sounds/pattern_15/pattern_15_07.wav,pattern_15,2,7
pattern_sounds/pattern_15/pattern_15_06.wav,pattern_15,2,7
pattern_sounds/pattern_15/pattern_15_28.wav,pattern_15,3,7
pattern_sounds/pattern_15/pattern_15_39.wav,pattern_15,3,7
pattern_sounds/pattern_15/pattern_15_01.wav,pattern_15,3,7
pattern_sounds/pattern_15/pattern_15_03.wav,pattern_15,3,7
pattern_sounds/pattern_15/pattern_15_34.wav,pattern_15,4,7
pattern_sounds/pattern_15/pattern_15_40.wav,pattern_15,4,7
pattern_sounds/pattern_15/pattern_15_17.wav,pattern_15,4,7
pattern_sounds/pattern_15/pattern_15_20.wav,pattern_15,4,7
pattern_sounds/pattern_15/pattern_15_30.wav,pattern_15,5,7
pattern_sounds/pattern_15/pattern_15_38.wav,pattern_15,5,7
pattern_sounds/pattern_15/pattern_15_32.wav,pattern_15,5,7
pattern_sounds/pattern_15/pattern_15_21.wav,pattern_15,5,7
pattern_sounds/pattern_15/pattern_15_23.wav,pattern_15,6,7
pattern_sounds/pattern_15/pattern_15_14.wav,pattern_15,6,7
pattern_sounds/pattern_15/pattern_15_27.wav,pattern_15,6,7
pattern_sounds/pattern_15/pattern_15_36.wav,pattern_15,6,7
pattern_sounds/pattern_15/pattern_15_35.wav,pattern_15,7,7
pattern_sounds/pattern_15/pattern_15_13.wav,pattern_15,7,7
pattern_sounds/pattern_15/pattern_15_19.wav,pattern_15,7,7
pattern_sounds/pattern_15/pattern_15_24.wav,pattern_15,7,7
pattern_sounds/pattern_15/pattern_15_29.wav,pattern_15,8,7
pattern_sounds/pattern_15/pattern_15_22.wav,pattern_15,8,7
pattern_sounds/pattern_15/pattern_15_33.wav,pattern_15,8,7
pattern_sounds/pattern_15/pattern_15_05.wav,pattern_15,8,7
pattern_sounds/pattern_15/pattern_15_12.wav,pattern_15,9,7
pattern_sounds/pattern_15/pattern_15_31.wav,pattern_15,9,7
pattern_sounds/pattern_15/pattern_15_25.wav,pattern_15,9,7
pattern_sounds/pattern_15/pattern_15_26.wav,pattern_15,9,7
pattern_sounds/pattern_15/pattern_15_37.wav,pattern_15,10,7
pattern_sounds/pattern_15/pattern_15_11.wav,pattern_15,10,7
pattern_sounds/pattern_15/pattern_15_04.wav,pattern_15,10,7
pattern_sounds/pattern_15/pattern_15_10.wav,pattern_15,10,7
pattern_sounds/pattern_16/pattern_16_08.wav,pattern_16,1,4
pattern_sounds/pattern_16/pattern_16_02.wav,pattern_16,1,4
pattern_sounds/pattern_16/pattern_16_18.wav,pattern_16,1,4
pattern_sounds/pattern_16/pattern_16_16.wav,pattern_16,1,4
pattern_sounds/pattern_16/pattern_16_15.wav,pattern_16,2,4
pattern_sounds/pattern_16/pattern_16_09.wav,pattern_16,2,4
pattern_sounds/pattern_16/pattern_16_07.wav,pattern_16,2,4
pattern_sounds/pattern_16/pattern_16_06.wav,pattern_16,2,4
pattern_sounds/pattern_16/pattern_16_28.wav,pattern_16,3,4
pattern_sounds/pattern_16/pattern_16_39.wav,pattern_16,3,4
pattern_sounds/pattern_16/pattern_16_01.wav,pattern_16,3,4
pattern_sounds/pattern_16/pattern_16_03.wav,pattern_16,3,4
pattern_sounds/pattern_16/pattern_16_34.wav,pattern_16,4,4
pattern_sounds/pattern_16/pattern_16_40.wav,pattern_16,4,4
pattern_sounds/pattern_16/pattern_16_17.wav,pattern_16,4,4
pattern_sounds/pattern_16/pattern_16_20.wav,pattern_16,4,4
pattern_sounds/pattern_16/pattern_16_30.wav,pattern_16,5,4
pattern_sounds/pattern_16/pattern_16_38.wav,pattern_16,5,4
pattern_sounds/pattern_16/pattern_16_32.wav,pattern_16,5,4
pattern_sounds/pattern_16/pattern_16_21.wav,pattern_16,5,4
pattern_sounds/pattern_16/pattern_16_23.wav,pattern_16,6,4
pattern_sounds/pattern_16/pattern_16_14.wav,pattern_16,6,4
pattern_sounds/pattern_16/pattern_16_27.wav,pattern_16,6,4
pattern_sounds/pattern_16/pattern_16_36.wav,pattern_16,6,4
pattern_sounds/pattern_16/pattern_16_35.wav,pattern_16,7,4
pattern_sounds/pattern_16/pattern_16_13.wav,pattern_16,7,4
pattern_sounds/pattern_16/pattern_16_19.wav,pattern_16,7,4
pattern_sounds/pattern_16/pattern_16_24.wav,pattern_16,7,4
pattern_sounds/pattern_16/pattern_16_29.wav,pattern_16,8,4
pattern_sounds/pattern_16/pattern_16_22.wav,pattern_16,8,4
pattern_sounds/pattern_16/pattern_16_33.wav,pattern_16,8,4
pattern_sounds/pattern_16/pattern_16_05.wav,pattern_16,8,4
pattern_sounds/pattern_16/pattern_16_12.wav,pattern_16,9,4
pattern_sounds/pattern_16/pattern_16_31.wav,pattern_16,9,4
pattern_sounds/pattern_16/pattern_16_25.wav,pattern_16,9,4
pattern_sounds/pattern_16/pattern_16_26.wav,pattern_16,9,4
pattern_sounds/pattern_16/pattern_16_37.wav,pattern_16,10,4
pattern_sounds/pattern_16/pattern_16_11.wav,pattern_16,10,4
pattern_sounds/pattern_16/pattern_16_04.wav,pattern_16,10,4
pattern_sounds/pattern_16/pattern_16_10.wav,pattern_16,10,4
pattern_sounds/pattern_17/pattern_17_08.wav,pattern_17,1,0
pattern_sounds/pattern_17/pattern_17_02.wav,pattern_17,1,0
pattern_sounds/pattern_17/pattern_17_18.wav,pattern_17,1,0
pattern_sounds/pattern_17/pattern_17_16.wav,pattern_17,1,0
pattern_sounds/pattern_17/pattern_17_15.wav,pattern_17,2,0
pattern_sounds/pattern_17/pattern_17_09.wav,pattern_17,2,0
pattern_sounds/pattern_17/pattern_17_07.wav,pattern_17,2,0
pattern_sounds/pattern_17/pattern_17_06.wav,pattern_17,2,0
pattern_sounds/pattern_17/pattern_17_28.wav,pattern_17,3,0
pattern_sounds/pattern_17/pattern_17_39.wav,pattern_17,3,0
pattern_sounds/pattern_17/pattern_17_01.wav,pattern_17,3,0
pattern_sounds/pattern_17/pattern_17_03.wav,pattern_17,3,0
pattern_sounds/pattern_17/pattern_17_34.wav,pattern_17,4,0
pattern_sounds/pattern_17/pattern_17_40.wav,pattern_17,4,0
pattern_sounds/pattern_17/pattern_17_17.wav,pattern_17,4,0
pattern_sounds/pattern_17/pattern_17_20.wav,pattern_17,4,0
pattern_sounds/pattern_17/pattern_17_30.wav,pattern_17,5,0
pattern_sounds/pattern_17/pattern_17_38.wav,pattern_17,5,0
pattern_sounds/pattern_17/pattern_17_32.wav,pattern_17,5,0
pattern_sounds/pattern_17/pattern_17_21.wav,pattern_17,5,0
pattern_sounds/pattern_17/pattern_17_23.wav,pattern_17,6,0
pattern_sounds/pattern_17/pattern_17_14.wav,pattern_17,6,0
pattern_sounds/pattern_17/pattern_17_27.wav,pattern_17,6,0
pattern_sounds/pattern_17/pattern_17_36.wav,pattern_17,6,0
pattern_sounds/pattern_17/pattern_17_35.wav,pattern_17,7,0
pattern_sounds/pattern_17/pattern_17_13.wav,pattern_17,7,0
pattern_sounds/pattern_17/pattern_17_19.wav,pattern_17,7,0
pattern_sounds/pattern_17/pattern_17_24.wav,pattern_17,7,0
pattern_sounds/pattern_17/pattern_17_29.wav,pattern_17,8,0
pattern_sounds/pattern_17/pattern_17_22.wav,pattern_17,8,0
pattern_sounds/pattern_17/pattern_17_33.wav,pattern_17,8,0
pattern_sounds/pattern_17/pattern_17_05.wav,pattern_17,8,0
pattern_sounds/pattern_17/pattern_17_12.wav,pattern_17,9,0
pattern_sounds/pattern_17/pattern_17_31.wav,pattern_17,9,0
pattern_sounds/pattern_17/pattern_17_25.wav,pattern_17,9,0
pattern_sounds/pattern_17/pattern_17_26.wav,pattern_17,9,0
pattern_sounds/pattern_17/pattern_17_37.wav,pattern_17,10,0
pattern_sounds/pattern_17/pattern_17_11.wav,pattern_17,10,0
pattern_sounds/pattern_17/pattern_17_04.wav,pattern_17,10,0
pattern_sounds/pattern_17/pattern_17_10.wav,pattern_17,10,0
pattern_sounds/pattern_18/pattern_18_08.wav,pattern_18,1,5
pattern_sounds/pattern_18/pattern_18_02.wav,pattern_18,1,5
pattern_sounds/pattern_18/pattern_18_18.wav,pattern_18,1,5
pattern_sounds/pattern_18/pattern_18_16.wav,pattern_18,1,5
pattern_sounds/pattern_18/pattern_18_15.wav,pattern_18,2,5
pattern_sounds/pattern_18/pattern_18_09.wav,pattern_18,2,5
pattern_sounds/pattern_18/pattern_18_07.wav,pattern_18,2,5
pattern_sounds/pattern_18/pattern_18_06.wav,pattern_18,2,5
pattern_sounds/pattern_18/pattern_18_28.wav,pattern_18,3,5
pattern_sounds/pattern_18/pattern_18_39.wav,pattern_18,3,5
pattern_sounds/pattern_18/pattern_18_01.wav,pattern_18,3,5
pattern_sounds/pattern_18/pattern_18_03.wav,pattern_18,3,5
pattern_sounds/pattern_18/pattern_18_34.wav,pattern_18,4,5
pattern_sounds/pattern_18/pattern_18_40.wav,pattern_18,4,5
pattern_sounds/pattern_18/pattern_18_17.wav,pattern_18,4,5
pattern_sounds/pattern_18/pattern_18_20.wav,pattern_18,4,5
pattern_sounds/pattern_18/pattern_18_30.wav,pattern_18,5,5
pattern_sounds/pattern_18/pattern_18_38.wav,pattern_18,5,5
pattern_sounds/pattern_18/pattern_18_32.wav,pattern_18,5,5
pattern_sounds/pattern_18/pattern_18_21.wav,pattern_18,5,5
pattern_sounds/pattern_18/pattern_18_23.wav,pattern_18,6,5
pattern_sounds/pattern_18/pattern_18_14.wav,pattern_18,6,5
pattern_sounds/pattern_18/pattern_18_27.wav,pattern_18,6,5
pattern_sounds/pattern_18/pattern_18_36.wav,pattern_18,6,5
pattern_sounds/pattern_18/pattern_18_35.wav,pattern_18,7,5
pattern_sounds/pattern_18/pattern_18_13.wav,pattern_18,7,5
pattern_sounds/pattern_18/pattern_18_19.wav,pattern_18,7,5
pattern_sounds/pattern_18/pattern_18_24.wav,pattern_18,7,5
pattern_sounds/pattern_18/pattern_18_29.wav,pattern_18,8,5
pattern_sounds/pattern_18/pattern_18_22.wav,pattern_18,8,5
pattern_sounds/pattern_18/pattern_18_33.wav,pattern_18,8,5
pattern_sounds/pattern_18/pattern_18_05.wav,pattern_18,8,5
pattern_sounds/pattern_18/pattern_18_12.wav,pattern_18,9,5
pattern_sounds/pattern_18/pattern_18_31.wav,pattern_18,9,5
pattern_sounds/pattern_18/pattern_18_25.wav,pattern_18,9,5
pattern_sounds/pattern_18/pattern_18_26.wav,pattern_18,9,5
pattern_sounds/pattern_18/pattern_18_37.wav,pattern_18,10,5
pattern_sounds/pattern_18/pattern_18_11.wav,pattern_18,10,5
pattern_sounds/pattern_18/pattern_18_04.wav,pattern_18,10,5
pattern_sounds/pattern_18/pattern_18_10.wav,pattern_18,10,5
pattern_sounds/pattern_19/pattern_19_08.wav,pattern_19,1,1
pattern_sounds/pattern_19/pattern_19_02.wav,pattern_19,1,1
pattern_sounds/pattern_19/pattern_19_18.wav,pattern_19,1,1
pattern_sounds/pattern_19/pattern_19_16.wav,pattern_19,1,1
pattern_sounds/pattern_19/pattern_19_15.wav,pattern_19,2,1
pattern_sounds/pattern_19/pattern_19_09.wav,pattern_19,2,1
pattern_sounds/pattern_19/pattern_19_07.wav,pattern_19,2,1
pattern_sounds/pattern_19/pattern_19_06.wav,pattern_19,2,1
pattern_sounds/pattern_19/pattern_19_28.wav,pattern_19,3,1
pattern_sounds/pattern_19/pattern_19_39.wav,pattern_19,3,1
pattern_sounds/pattern_19/pattern_19_01.wav,pattern_19,3,1
pattern_sounds/pattern_19/pattern_19_03.wav,pattern_19,3,1
pattern_sounds/pattern_19/pattern_19_34.wav,pattern_19,4,1
pattern_sounds/pattern_19/pattern_19_40.wav,pattern_19,4,1
pattern_sounds/pattern_19/pattern_19_17.wav,pattern_19,4,1
pattern_sounds/pattern_19/pattern_19_20.wav,pattern_19,4,1
pattern_sounds/pattern_19/pattern_19_30.wav,pattern_19,5,1
pattern_sounds/pattern_19/pattern_19_38.wav,pattern_19,5,1
pattern_sounds/pattern_19/pattern_19_32.wav,pattern_19,5,1
pattern_sounds/pattern_19/pattern_19_21.wav,pattern_19,5,1
pattern_sounds/pattern_19/pattern_19_23.wav,pattern_19,6,1
pattern_sounds/pattern_19/pattern_19_14.wav,pattern_19,6,1
pattern_sounds/pattern_19/pattern_19_27.wav,pattern_19,6,1
pattern_sounds/pattern_19/pattern_19_36.wav,pattern_19,6,1
pattern_sounds/pattern_19/pattern_19_35.wav,pattern_19,7,1
pattern_sounds/pattern_19/pattern_19_13.wav,pattern_19,7,1
pattern_sounds/pattern_19/pattern_19_19.wav,pattern_19,7,1
pattern_sounds/pattern_19/pattern_19_24.wav,pattern_19,7,1
pattern_sounds/pattern_19/pattern_19_29.wav,pattern_19,8,1
pattern_sounds/pattern_19/pattern_19_22.wav,pattern_19,8,1
pattern_sounds/pattern_19/pattern_19_33.wav,pattern_19,8,1
pattern_sounds/pattern_19/pattern_19_05.wav,pattern_19,8,1
pattern_sounds/pattern_19/pattern_19_12.wav,pattern_19,9,1
pattern_sounds/pattern_19/pattern_19_31.wav,pattern_19,9,1
pattern_sounds/pattern_19/pattern_19_25.wav,pattern_19,9,1
pattern_sounds/pattern_19/pattern_19_26.wav,pattern_19,9,1
pattern_sounds/pattern_19/pattern_19_37.wav,pattern_19,10,1
pattern_sounds/pattern_19/pattern_19_11.wav,pattern_19,10,1
pattern_sounds/pattern_19/pattern_19_04.wav,pattern_19,10,1
pattern_sounds/pattern_19/pattern_19_10.wav,pattern_19,10,1
pattern_sounds/pattern_20/pattern_20_08.wav,pattern_20,1,7
pattern_sounds/pattern_20/pattern_20_02.wav,pattern_20,1,7
pattern_sounds/pattern_20/pattern_20_18.wav,pattern_20,1,7
pattern_sounds/pattern_20/pattern_20_16.wav,pattern_20,1,7
pattern_sounds/pattern_20/pattern_20_15.wav,pattern_20,2,7
pattern_sounds/pattern_20/pattern_20_09.wav,pattern_20,2,7
pattern_sounds/pattern_20/pattern_20_07.wav,pattern_20,2,7
pattern_sounds/pattern_20/pattern_20_06.wav,pattern_20,2,7
pattern_sounds/pattern_20/pattern_20_28.wav,pattern_20,3,7
pattern_sounds/pattern_20/pattern_20_39.wav,pattern_20,3,7
pattern_sounds/pattern_20/pattern_20_01.wav,pattern_20,3,7
pattern_sounds/pattern_20/pattern_20_03.wav,pattern_20,3,7
pattern_sounds/pattern_20/pattern_20_34.wav,pattern_20,4,7
pattern_sounds/pattern_20/pattern_20_40.wav,pattern_20,4,7
pattern_sounds/pattern_20/pattern_20_17.wav,pattern_20,4,7
pattern_sounds/pattern_20/pattern_20_20.wav,pattern_20,4,7
pattern_sounds/pattern_20/pattern_20_30.wav,pattern_20,5,7
pattern_sounds/pattern_20/pattern_20_38.wav,pattern_20,5,7
pattern_sounds/pattern_20/pattern_20_32.wav,pattern_20,5,7
pattern_sounds/pattern_20/pattern_20_21.wav,pattern_20,5,7
pattern_sounds/pattern_20/pattern_20_23.wav,pattern_20,6,7
pattern_sounds/pattern_20/pattern_20_14.wav,pattern_20,6,7
pattern_sounds/pattern_20/pattern_20_27.wav,pattern_20,6,7
pattern_sounds/pattern_20/pattern_20_36.wav,pattern_20,6,7
pattern_sounds/pattern_20/pattern_20_35.wav,pattern_20,7,7
pattern_sounds/pattern_20/pattern_20_13.wav,pattern_20,7,7
pattern_sounds/pattern_20/pattern_20_19.wav,pattern_20,7,7
pattern_sounds/pattern_20/pattern_20_24.wav,pattern_20,7,7
pattern_sounds/pattern_20/pattern_20_29.wav,pattern_20,8,7
pattern_sounds/pattern_20/pattern_20_22.wav,pattern_20,8,7
pattern_sounds/pattern_20/pattern_20_33.wav,pattern_20,8,7
pattern_sounds/pattern_20/pattern_20_05.wav,pattern_20,8,7
pattern_sounds/pattern_20/pattern_20_12.wav,pattern_20,9,7
pattern_sounds/pattern_20/pattern_20_31.wav,pattern_20,9,7
pattern_sounds/pattern_20/pattern_20_25.wav,pattern_20,9,7
pattern_sounds/pattern_20/pattern_20_26.wav,pattern_20,9,7
pattern_sounds/pattern_20/pattern_20_37.wav,pattern_20,10,7
pattern_sounds/pattern_20/pattern_20_11.wav,pattern_20,10,7
pattern_sounds/pattern_20/pattern_20_04.wav,pattern_20,10,7
pattern_sounds/pattern_20/pattern_20_10.wav,pattern_20,10,7
pattern_sounds/pattern_21/pattern_21_08.wav,pattern_21,1,5
pattern_sounds/pattern_21/pattern_21_02.wav,pattern_21,1,5
pattern_sounds/pattern_21/pattern_21_18.wav,pattern_21,1,5
pattern_sounds/pattern_21/pattern_21_16.wav,pattern_21,1,5
pattern_sounds/pattern_21/pattern_21_15.wav,pattern_21,2,5
pattern_sounds/pattern_21/pattern_21_09.wav,pattern_21,2,5
pattern_sounds/pattern_21/pattern_21_07.wav,pattern_21,2,5
pattern_sounds/pattern_21/pattern_21_06.wav,pattern_21,2,5
pattern_sounds/pattern_21/pattern_21_28.wav,pattern_21,3,5
pattern_sounds/pattern_21/pattern_21_39.wav,pattern_21,3,5
pattern_sounds/pattern_21/pattern_21_01.wav,pattern_21,3,5
pattern_sounds/pattern_21/pattern_21_03.wav,pattern_21,3,5
pattern_sounds/pattern_21/pattern_21_34.wav,pattern_21,4,5
pattern_sounds/pattern_21/pattern_21_40.wav,pattern_21,4,5
pattern_sounds/pattern_21/pattern_21_17.wav,pattern_21,4,5
pattern_sounds/pattern_21/pattern_21_20.wav,pattern_21,4,5
pattern_sounds/pattern_21/pattern_21_30.wav,pattern_21,5,5
pattern_sounds/pattern_21/pattern_21_38.wav,pattern_21,5,5
pattern_sounds/pattern_21/pattern_21_32.wav,pattern_21,5,5
pattern_sounds/pattern_21/pattern_21_21.wav,pattern_21,5,5
pattern_sounds/pattern_21/pattern_21_23.wav,pattern_21,6,5
pattern_sounds/pattern_21/pattern_21_14.wav,pattern_21,6,5
pattern_sounds/pattern_21/pattern_21_27.wav,pattern_21,6,5
pattern_sounds/pattern_21/pattern_21_36.wav,pattern_21,6,5
pattern_sounds/pattern_21/pattern_21_35.wav,pattern_21,7,5
pattern_sounds/pattern_21/pattern_21_13.wav,pattern_21,7,5
pattern_sounds/pattern_21/pattern_21_19.wav,pattern_21,7,5
pattern_sounds/pattern_21/pattern_21_24.wav,pattern_21,7,5
pattern_sounds/pattern_21/pattern_21_29.wav,pattern_21,8,5
pattern_sounds/pattern_21/pattern_21_22.wav,pattern_21,8,5
pattern_sounds/pattern_21/pattern_21_33.wav,pattern_21,8,5
pattern_sounds/pattern_21/pattern_21_05.wav,pattern_21,8,5
pattern_sounds/pattern_21/pattern_21_12.wav,pattern_21,9,5
pattern_sounds/pattern_21/pattern_21_31.wav,pattern_21,9,5
pattern_sounds/pattern_21/pattern_21_25.wav,pattern_21,9,5
pattern_sounds/pattern_21/pattern_21_26.wav,pattern_21,9,5
pattern_sounds/pattern_21/pattern_21_37.wav,pattern_21,10,5
pattern_sounds/pattern_21/pattern_21_11.wav,pattern_21,10,5
pattern_sounds/pattern_21/pattern_21_04.wav,pattern_21,10,5
pattern_sounds/pattern_21/pattern_21_10.wav,pattern_21,10,5
pattern_sounds/pattern_22/pattern_22_08.wav,pattern_22,1,2
pattern_sounds/pattern_22/pattern_22_02.wav,pattern_22,1,2
pattern_sounds/pattern_22/pattern_22_18.wav,pattern_22,1,2
pattern_sounds/pattern_22/pattern_22_16.wav,pattern_22,1,2
pattern_sounds/pattern_22/pattern_22_15.wav,pattern_22,2,2
pattern_sounds/pattern_22/pattern_22_09.wav,pattern_22,2,2
pattern_sounds/pattern_22/pattern_22_07.wav,pattern_22,2,2
pattern_sounds/pattern_22/pattern_22_06.wav,pattern_22,2,2
pattern_sounds/pattern_22/pattern_22_28.wav,pattern_22,3,2
pattern_sounds/pattern_22/pattern_22_39.wav,pattern_22,3,2
pattern_sounds/pattern_22/pattern_22_01.wav,pattern_22,3,2
pattern_sounds/pattern_22/pattern_22_03.wav,pattern_22,3,2
pattern_sounds/pattern_22/pattern_22_34.wav,pattern_22,4,2
pattern_sounds/pattern_22/pattern_22_40.wav,pattern_22,4,2
pattern_sounds/pattern_22/pattern_22_17.wav,pattern_22,4,2
pattern_sounds/pattern_22/pattern_22_20.wav,pattern_22,4,2
pattern_sounds/pattern_22/pattern_22_30.wav,pattern_22,5,2
pattern_sounds/pattern_22/pattern_22_38.wav,pattern_22,5,2
pattern_sounds/pattern_22/pattern_22_32.wav,pattern_22,5,2
pattern_sounds/pattern_22/pattern_22_21.wav,pattern_22,5,2
pattern_sounds/pattern_22/pattern_22_23.wav,pattern_22,6,2
pattern_sounds/pattern_22/pattern_22_14.wav,pattern_22,6,2
pattern_sounds/pattern_22/pattern_22_27.wav,pattern_22,6,2
pattern_sounds/pattern_22/pattern_22_36.wav,pattern_22,6,2
pattern_sounds/pattern_22/pattern_22_35.wav,pattern_22,7,2
pattern_sounds/pattern_22/pattern_22_13.wav,pattern_22,7,2
pattern_sounds/pattern_22/pattern_22_19.wav,pattern_22,7,2
pattern_sounds/pattern_22/pattern_22_24.wav,pattern_22,7,2
pattern_sounds/pattern_22/pattern_22_29.wav,pattern_22,8,2
pattern_sounds/pattern_22/pattern_22_22.wav,pattern_22,8,2
pattern_sounds/pattern_22/pattern_22_33.wav,pattern_22,8,2
pattern_sounds/pattern_22/pattern_22_05.wav,pattern_22,8,2
pattern_sounds/pattern_22/pattern_22_12.wav,pattern_22,9,2
pattern_sounds/pattern_22/pattern_22_31.wav,pattern_22,9,2
pattern_sounds/pattern_22/pattern_22_25.wav,pattern_22,9,2
pattern_sounds/pattern_22/pattern_22_26.wav,pattern_22,9,2
pattern_sounds/pattern_22/pattern_22_37.wav,pattern_22,10,2
pattern_sounds/pattern_22/pattern_22_11.wav,pattern_22,10,2
pattern_sounds/pattern_22/pattern_22_04.wav,pattern_22,10,2
pattern_sounds/pattern_22/pattern_22_10.wav,pattern_22,10,2
pattern_sounds/pattern_23/pattern_23_08.wav,pattern_23,1,5
pattern_sounds/pattern_23/pattern_23_02.wav,pattern_23,1,5
pattern_sounds/pattern_23/pattern_23_18.wav,pattern_23,1,5
pattern_sounds/pattern_23/pattern_23_16.wav,pattern_23,1,5
pattern_sounds/pattern_23/pattern_23_15.wav,pattern_23,2,5
pattern_sounds/pattern_23/pattern_23_09.wav,pattern_23,2,5
pattern_sounds/pattern_23/pattern_23_07.wav,pattern_23,2,5
pattern_sounds/pattern_23/pattern_23_06.wav,pattern_23,2,5
pattern_sounds/pattern_23/pattern_23_28.wav,pattern_23,3,5
pattern_sounds/pattern_23/pattern_23_39.wav,pattern_23,3,5
pattern_sounds/pattern_23/pattern_23_01.wav,pattern_23,3,5
pattern_sounds/pattern_23/pattern_23_03.wav,pattern_23,3,5
pattern_sounds/pattern_23/pattern_23_34.wav,pattern_23,4,5
pattern_sounds/pattern_23/pattern_23_40.wav,pattern_23,4,5
pattern_sounds/pattern_23/pattern_23_17.wav,pattern_23,4,5
pattern_sounds/pattern_23/pattern_23_20.wav,pattern_23,4,5
pattern_sounds/pattern_23/pattern_23_30.wav,pattern_23,5,5
pattern_sounds/pattern_23/pattern_23_38.wav,pattern_23,5,5
pattern_sounds/pattern_23/pattern_23_32.wav,pattern_23,5,5
pattern_sounds/pattern_23/pattern_23_21.wav,pattern_23,5,5
pattern_sounds/pattern_23/pattern_23_23.wav,pattern_23,6,5
pattern_sounds/pattern_23/pattern_23_14.wav,pattern_23,6,5
pattern_sounds/pattern_23/pattern_23_27.wav,pattern_23,6,5
pattern_sounds/pattern_23/pattern_23_36.wav,pattern_23,6,5
pattern_sounds/pattern_23/pattern_23_35.wav,pattern_23,7,5
pattern_sounds/pattern_23/pattern_23_13.wav,pattern_23,7,5
pattern_sounds/pattern_23/pattern_23_19.wav,pattern_23,7,5
pattern_sounds/pattern_23/pattern_23_24.wav,pattern_23,7,5
pattern_sounds/pattern_23/pattern_23_29.wav,pattern_23,8,5
pattern_sounds/pattern_23/pattern_23_22.wav,pattern_23,8,5
pattern_sounds/pattern_23/pattern_23_33.wav,pattern_23,8,5
pattern_sounds/pattern_23/pattern_23_05.wav,pattern_23,8,5
pattern_sounds/pattern_23/pattern_23_12.wav,pattern_23,9,5
pattern_sounds/pattern_23/pattern_23_31.wav,pattern_23,9,5
pattern_sounds/pattern_23/pattern_23_25.wav,pattern_23,9,5
pattern_sounds/pattern_23/pattern_23_26.wav,pattern_23,9,5
pattern_sounds/pattern_23/pattern_23_37.wav,pattern_23,10,5
pattern_sounds/pattern_23/pattern_23_11.wav,pattern_23,10,5
pattern_sounds/pattern_23/pattern_23_04.wav,pattern_23,10,5
pattern_sounds/pattern_23/pattern_23_10.wav,pattern_23,10,5
pattern_sounds/pattern_24/pattern_24_08.wav,pattern_24,1,6
pattern_sounds/pattern_24/pattern_24_02.wav,pattern_24,1,6
pattern_sounds/pattern_24/pattern_24_18.wav,pattern_24,1,6
pattern_sounds/pattern_24/pattern_24_16.wav,pattern_24,1,6
pattern_sounds/pattern_24/pattern_24_15.wav,pattern_24,2,6
pattern_sounds/pattern_24/pattern_24_09.wav,pattern_24,2,6
pattern_sounds/pattern_24/pattern_24_07.wav,pattern_24,2,6
pattern_sounds/pattern_24/pattern_24_06.wav,pattern_24,2,6
pattern_sounds/pattern_24/pattern_24_28.wav,pattern_24,3,6
pattern_sounds/pattern_24/pattern_24_39.wav,pattern_24,3,6
pattern_sounds/pattern_24/pattern_24_01.wav,pattern_24,3,6
pattern_sounds/pattern_24/pattern_24_03.wav,pattern_24,3,6
pattern_sounds/pattern_24/pattern_24_34.wav,pattern_24,4,6
pattern_sounds/pattern_24/pattern_24_40.wav,pattern_24,4,6
pattern_sounds/pattern_24/pattern_24_17.wav,pattern_24,4,6
pattern_sounds/pattern_24/pattern_24_20.wav,pattern_24,4,6
pattern_sounds/pattern_24/pattern_24_30.wav,pattern_24,5,6
pattern_sounds/pattern_24/pattern_24_38.wav,pattern_24,5,6
pattern_sounds/pattern_24/pattern_24_32.wav,pattern_24,5,6
pattern_sounds/pattern_24/pattern_24_21.wav,pattern_24,5,6
pattern_sounds/pattern_24/pattern_24_23.wav,pattern_24,6,6
pattern_sounds/pattern_24/pattern_24_14.wav,pattern_24,6,6
pattern_sounds/pattern_24/pattern_24_27.wav,pattern_24,6,6
pattern_sounds/pattern_24/pattern_24_36.wav,pattern_24,6,6
pattern_sounds/pattern_24/pattern_24_35.wav,pattern_24,7,6
pattern_sounds/pattern_24/pattern_24_13.wav,pattern_24,7,6
pattern_sounds/pattern_24/pattern_24_19.wav,pattern_24,7,6
pattern_sounds/pattern_24/pattern_24_24.wav,pattern_24,7,6
pattern_sounds/pattern_24/pattern_24_29.wav,pattern_24,8,6
pattern_sounds/pattern_24/pattern_24_22.wav,pattern_24,8,6
pattern_sounds/pattern_24/pattern_24_33.wav,pattern_24,8,6
pattern_sounds/pattern_24/pattern_24_05.wav,pattern_24,8,6
pattern_sounds/pattern_24/pattern_24_12.wav,pattern_24,9,6
pattern_sounds/pattern_24/pattern_24_31.wav,pattern_24,9,6
pattern_sounds/pattern_24/pattern_24_25.wav,pattern_24,9,6
pattern_sounds/pattern_24/pattern_24_26.wav,pattern_24,9,6
pattern_sounds/pattern_24/pattern_24_37.wav,pattern_24,10,6
pattern_sounds/pattern_24/pattern_24_11.wav,pattern_24,10,6
pattern_sounds/pattern_24/pattern_24_04.wav,pattern_24,10,6
pattern_sounds/pattern_24/pattern_24_10.wav,pattern_24,10,6
unwanted_sounds/car_horn/car_horn_08.wav,unknown,1,8
unwanted_sounds/car_horn/car_horn_02.wav,unknown,1,8
unwanted_sounds/car_horn/car_horn_18.wav,unknown,1,8
unwanted_sounds/car_horn/car_horn_16.wav,unknown,1,8
unwanted_sounds/car_horn/car_horn_15.wav,unknown,2,8
unwanted_sounds/car_horn/car_horn_09.wav,unknown,2,8
unwanted_sounds/car_horn/car_horn_07.wav,unknown,2,8
unwanted_sounds/car_horn/car_horn_06.wav,unknown,2,8
unwanted_sounds/car_horn/car_horn_28.wav,unknown,3,8
unwanted_sounds/car_horn/car_horn_39.wav,unknown,3,8
unwanted_sounds/car_horn/car_horn_01.wav,unknown,3,8
unwanted_sounds/car_horn/car_horn_03.wav,unknown,3,8
unwanted_sounds/car_horn/car_horn_34.wav,unknown,4,8
unwanted_sounds/car_horn/car_horn_40.wav,unknown,4,8
unwanted_sounds/car_horn/car_horn_17.wav,unknown,4,8
unwanted_sounds/car_horn/car_horn_20.wav,unknown,4,8
unwanted_sounds/car_horn/car_horn_30.wav,unknown,5,8
unwanted_sounds/car_horn/car_horn_38.wav,unknown,5,8
unwanted_sounds/car_horn/car_horn_32.wav,unknown,5,8
unwanted_sounds/car_horn/car_horn_21.wav,unknown,5,8
unwanted_sounds/car_horn/car_horn_23.wav,unknown,6,8
unwanted_sounds/car_horn/car_horn_14.wav,unknown,6,8
unwanted_sounds/car_horn/car_horn_27.wav,unknown,6,8
unwanted_sounds/car_horn/car_horn_36.wav,unknown,6,8
unwanted_sounds/car_horn/car_horn_35.wav,unknown,7,8
unwanted_sounds/car_horn/car_horn_13.wav,unknown,7,8
unwanted_sounds/car_horn/car_horn_19.wav,unknown,7,8
unwanted_sounds/car_horn/car_horn_24.wav,unknown,7,8
unwanted_sounds/car_horn/car_horn_29.wav,unknown,8,8
unwanted_sounds/car_horn/car_horn_22.wav,unknown,8,8
unwanted_sounds/car_horn/car_horn_33.wav,unknown,8,8
unwanted_sounds/car_horn/car_horn_05.wav,unknown,8,8
unwanted_sounds/car_horn/car_horn_12.wav,unknown,9,8
unwanted_sounds/car_horn/car_horn_31.wav,unknown,9,8
unwanted_sounds/car_horn/car_horn_25.wav,unknown,9,8
unwanted_sounds/car_horn/car_horn_26.wav,unknown,9,8
unwanted_sounds/car_horn/car_horn_37.wav,unknown,10,8
unwanted_sounds/car_horn/car_horn_11.wav,unknown,10,8
unwanted_sounds/car_horn/car_horn_04.wav,unknown,10,8
unwanted_sounds/car_horn/car_horn_10.wav,unknown,10,8
unwanted_sounds/clapping/clapping_08.wav,unknown,1,8
unwanted_sounds/clapping/clapping_02.wav,unknown,1,8
unwanted_sounds/clapping/clapping_18.wav,unknown,1,8
unwanted_sounds/clapping/clapping_16.wav,unknown,1,8
unwanted_sounds/clapping/clapping_15.wav,unknown,2,8
unwanted_sounds/clapping/clapping_09.wav,unknown,2,8
unwanted_sounds/clapping/clapping_07.wav,unknown,2,8
unwanted_sounds/clapping/clapping_06.wav,unknown,2,8
unwanted_sounds/clapping/clapping_28.wav,unknown,3,8
unwanted_sounds/clapping/clapping_39.wav,unknown,3,8
unwanted_sounds/clapping/clapping_01.wav,unknown,3,8
unwanted_sounds/clapping/clapping_03.wav,unknown,3,8
unwanted_sounds/clapping/clapping_34.wav,unknown,4,8
unwanted_sounds/clapping/clapping_40.wav,unknown,4,8
unwanted_sounds/clapping/clapping_17.wav,unknown,4,8
unwanted_sounds/clapping/clapping_20.wav,unknown,4,8
unwanted_sounds/clapping/clapping_30.wav,unknown,5,8
unwanted_sounds/clapping/clapping_38.wav,unknown,5,8
unwanted_sounds/clapping/clapping_32.wav,unknown,5,8
unwanted_sounds/clapping/clapping_21.wav,unknown,5,8
unwanted_sounds/clapping/clapping_23.wav,unknown,6,8
unwanted_sounds/clapping/clapping_14.wav,unknown,6,8
unwanted_sounds/clapping/clapping_27.wav,unknown,6,8
unwanted_sounds/clapping/clapping_36.wav,unknown,6,8
unwanted_sounds/clapping/clapping_35.wav,unknown,7,8
unwanted_sounds/clapping/clapping_13.wav,unknown,7,8
unwanted_sounds/clapping/clapping_19.wav,unknown,7,8
unwanted_sounds/clapping/clapping_24.wav,unknown,7,8
unwanted_sounds/clapping/clapping_29.wav,unknown,8,8
unwanted_sounds/clapping/clapping_22.wav,unknown,8,8
unwanted_sounds/clapping/clapping_33.wav,unknown,8,8
unwanted_sounds/clapping/clapping_05.wav,unknown,8,8
unwanted_sounds/clapping/clapping_12.wav,unknown,9,8
unwanted_sounds/clapping/clapping_31.wav,unknown,9,8
unwanted_sounds/clapping/clapping_25.wav,unknown,9,8
unwanted_sounds/clapping/clapping_26.wav,unknown,9,8
unwanted_sounds/clapping/clapping_37.wav,unknown,10,8
unwanted_sounds/clapping/clapping_11.wav,unknown,10,8
unwanted_sounds/clapping/clapping_04.wav,unknown,10,8
unwanted_sounds/clapping/clapping_10.wav,unknown,10,8
unwanted_sounds/cough/cough_08.wav,unknown,1,8
unwanted_sounds/cough/cough_02.wav,unknown,1,8
unwanted_sounds/cough/cough_18.wav,unknown,1,8
unwanted_sounds/cough/cough_16.wav,unknown,1,8
unwanted_sounds/cough/cough_15.wav,unknown,2,8
unwanted_sounds/cough/cough_09.wav,unknown,2,8
unwanted_sounds/cough/cough_07.wav,unknown,2,8
unwanted_sounds/cough/cough_06.wav,unknown,2,8
unwanted_sounds/cough/cough_28.wav,unknown,3,8
unwanted_sounds/cough/cough_39.wav,unknown,3,8
unwanted_sounds/cough/cough_01.wav,unknown,3,8
unwanted_sounds/cough/cough_03.wav,unknown,3,8
unwanted_sounds/cough/cough_34.wav,unknown,4,8
unwanted_sounds/cough/cough_40.wav,unknown,4,8
unwanted_sounds/cough/cough_17.wav,unknown,4,8
unwanted_sounds/cough/cough_20.wav,unknown,4,8
unwanted_sounds/cough/cough_30.wav,unknown,5,8
unwanted_sounds/cough/cough_38.wav,unknown,5,8
unwanted_sounds/cough/cough_32.wav,unknown,5,8
unwanted_sounds/cough/cough_21.wav,unknown,5,8
unwanted_sounds/cough/cough_23.wav,unknown,6,8
unwanted_sounds/cough/cough_14.wav,unknown,6,8
unwanted_sounds/cough/cough_27.wav,unknown,6,8
unwanted_sounds/cough/cough_36.wav,unknown,6,8
unwanted_sounds/cough/cough_35.wav,unknown,7,8
unwanted_sounds/cough/cough_13.wav,unknown,7,8
unwanted_sounds/cough/cough_19.wav,unknown,7,8
unwanted_sounds/cough/cough_24.wav,unknown,7,8
unwanted_sounds/cough/cough_29.wav,unknown,8,8
unwanted_sounds/cough/cough_22.wav,unknown,8,8
unwanted_sounds/cough/cough_33.wav,unknown,8,8
unwanted_sounds/cough/cough_05.wav,unknown,8,8
unwanted_sounds/cough/cough_12.wav,unknown,9,8
unwanted_sounds/cough/cough_31.wav,unknown,9,8
unwanted_sounds/cough/cough_25.wav,unknown,9,8
unwanted_sounds/cough/cough_26.wav,unknown,9,8
unwanted_sounds/cough/cough_37.wav,unknown,10,8
unwanted_sounds/cough/cough_11.wav,unknown,10,8
unwanted_sounds/cough/cough_04.wav,unknown,10,8
unwanted_sounds/cough/cough_10.wav,unknown,10,8
unwanted_sounds/door_slam/door_slam_08.wav,unknown,1,8
unwanted_sounds/door_slam/door_slam_02.wav,unknown,1,8
unwanted_sounds/door_slam/door_slam_18.wav,unknown,1,8
unwanted_sounds/door_slam/door_slam_16.wav,unknown,1,8
unwanted_sounds/door_slam/door_slam_15.wav,unknown,2,8
unwanted_sounds/door_slam/door_slam_09.wav,unknown,2,8
unwanted_sounds/door_slam/door_slam_07.wav,unknown,2,8
unwanted_sounds/door_slam/door_slam_06.wav,unknown,2,8
unwanted_sounds/door_slam/door_slam_28.wav,unknown,3,8
unwanted_sounds/door_slam/door_slam_39.wav,unknown,3,8
unwanted_sounds/door_slam/door_slam_01.wav,unknown,3,8
unwanted_sounds/door_slam/door_slam_03.wav,unknown,3,8
unwanted_sounds/door_slam/door_slam_34.wav,unknown,4,8
unwanted_sounds/door_slam/door_slam_40.wav,unknown,4,8
unwanted_sounds/door_slam/door_slam_17.wav,unknown,4,8
unwanted_sounds/door_slam/door_slam_20.wav,unknown,4,8
unwanted_sounds/door_slam/door_slam_30.wav,unknown,5,8
unwanted_sounds/door_slam/door_slam_38.wav,unknown,5,8
unwanted_sounds/door_slam/door_slam_32.wav,unknown,5,8
unwanted_sounds/door_slam/door_slam_21.wav,unknown,5,8
unwanted_sounds/door_slam/door_slam_23.wav,unknown,6,8
unwanted_sounds/door_slam/door_slam_14.wav,unknown,6,8
unwanted_sounds/door_slam/door_slam_27.wav,unknown,6,8
unwanted_sounds/door_slam/door_slam_36.wav,unknown,6,8
unwanted_sounds/door_slam/door_slam_35.wav,unknown,7,8
unwanted_sounds/door_slam/door_slam_13.wav,unknown,7,8
unwanted_sounds/door_slam/door_slam_19.wav,unknown,7,8
unwanted_sounds/door_slam/door_slam_24.wav,unknown,7,8
unwanted_sounds/door_slam/door_slam_29.wav,unknown,8,8
unwanted_sounds/door_slam/door_slam_22.wav,unknown,8,8
unwanted_sounds/door_slam/door_slam_33.wav,unknown,8,8
unwanted_sounds/door_slam/door_slam_05.wav,unknown,8,8
unwanted_sounds/door_slam/door_slam_12.wav,unknown,9,8
unwanted_sounds/door_slam/door_slam_31.wav,unknown,9,8
unwanted_sounds/door_slam/door_slam_25.wav,unknown,9,8
unwanted_sounds/door_slam/door_slam_26.wav,unknown,9,8
unwanted_sounds/door_slam/door_slam_37.wav,unknown,10,8
unwanted_sounds/door_slam/door_slam_11.wav,unknown,10,8
unwanted_sounds/door_slam/door_slam_04.wav,unknown,10,8
unwanted_sounds/door_slam/door_slam_10.wav,unknown,10,8
unwanted_sounds/engine/engine_08.wav,unknown,1,8
unwanted_sounds/engine/engine_02.wav,unknown,1,8
unwanted_sounds/engine/engine_18.wav,unknown,1,8
unwanted_sounds/engine/engine_16.wav,unknown,1,8
unwanted_sounds/engine/engine_15.wav,unknown,2,8
unwanted_sounds/engine/engine_09.wav,unknown,2,8
unwanted_sounds/engine/engine_07.wav,unknown,2,8
unwanted_sounds/engine/engine_06.wav,unknown,2,8
unwanted_sounds/engine/engine_28.wav,unknown,3,8
unwanted_sounds/engine/engine_39.wav,unknown,3,8
unwanted_sounds/engine/engine_01.wav,unknown,3,8
unwanted_sounds/engine/engine_03.wav,unknown,3,8
unwanted_sounds/engine/engine_34.wav,unknown,4,8
unwanted_sounds/engine/engine_40.wav,unknown,4,8
unwanted_sounds/engine/engine_17.wav,unknown,4,8
unwanted_sounds/engine/engine_20.wav,unknown,4,8
unwanted_sounds/engine/engine_30.wav,unknown,5,8
unwanted_sounds/engine/engine_38.wav,unknown,5,8
unwanted_sounds/engine/engine_32.wav,unknown,5,8
unwanted_sounds/engine/engine_21.wav,unknown,5,8
unwanted_sounds/engine/engine_23.wav,unknown,6,8
unwanted_sounds/engine/engine_14.wav,unknown,6,8
unwanted_sounds/engine/engine_27.wav,unknown,6,8
unwanted_sounds/engine/engine_36.wav,unknown,6,8
unwanted_sounds/engine/engine_35.wav,unknown,7,8
unwanted_sounds/engine/engine_13.wav,unknown,7,8
unwanted_sounds/engine/engine_19.wav,unknown,7,8
unwanted_sounds/engine/engine_24.wav,unknown,7,8
unwanted_sounds/engine/engine_29.wav,unknown,8,8
unwanted_sounds/engine/engine_22.wav,unknown,8,8
unwanted_sounds/engine/engine_33.wav,unknown,8,8
unwanted_sounds/engine/engine_05.wav,unknown,8,8
unwanted_sounds/engine/engine_12.wav,unknown,9,8
unwanted_sounds/engine/engine_31.wav,unknown,9,8
unwanted_sounds/engine/engine_25.wav,unknown,9,8
unwanted_sounds/engine/engine_26.wav,unknown,9,8
unwanted_sounds/engine/engine_37.wav,unknown,10,8
unwanted_sounds/engine/engine_11.wav,unknown,10,8
unwanted_sounds/engine/engine_04.wav,unknown,10,8
unwanted_sounds/engine/engine_10.wav,unknown,10,8
unwanted_sounds/keyboard_tap/keyboard_tap_08.wav,unknown,1,8
unwanted_sounds/keyboard_tap/keyboard_tap_02.wav,unknown,1,8
unwanted_sounds/keyboard_tap/keyboard_tap_18.wav,unknown,1,8
unwanted_sounds/keyboard_tap/keyboard_tap_16.wav,unknown,1,8
unwanted_sounds/keyboard_tap/keyboard_tap_15.wav,unknown,2,8
unwanted_sounds/keyboard_tap/keyboard_tap_09.wav,unknown,2,8
unwanted_sounds/keyboard_tap/keyboard_tap_07.wav,unknown,2,8
unwanted_sounds/keyboard_tap/keyboard_tap_06.wav,unknown,2,8
unwanted_sounds/keyboard_tap/keyboard_tap_28.wav,unknown,3,8
unwanted_sounds/keyboard_tap/keyboard_tap_39.wav,unknown,3,8
unwanted_sounds/keyboard_tap/keyboard_tap_01.wav,unknown,3,8
unwanted_sounds/keyboard_tap/keyboard_tap_03.wav,unknown,3,8
unwanted_sounds/keyboard_tap/keyboard_tap_34.wav,unknown,4,8
unwanted_sounds/keyboard_tap/keyboard_tap_40.wav,unknown,4,8
unwanted_sounds/keyboard_tap/keyboard_tap_17.wav,unknown,4,8
unwanted_sounds/keyboard_tap/keyboard_tap_20.wav,unknown,4,8
unwanted_sounds/keyboard_tap/keyboard_tap_30.wav,unknown,5,8
unwanted_sounds/keyboard_tap/keyboard_tap_38.wav,unknown,5,8
unwanted_sounds/keyboard_tap/keyboard_tap_32.wav,unknown,5,8
unwanted_sounds/keyboard_tap/keyboard_tap_21.wav,unknown,5,8
unwanted_sounds/keyboard_tap/keyboard_tap_23.wav,unknown,6,8
unwanted_sounds/keyboard_tap/keyboard_tap_14.wav,unknown,6,8
unwanted_sounds/keyboard_tap/keyboard_tap_27.wav,unknown,6,8
unwanted_sounds/keyboard_tap/keyboard_tap_36.wav,unknown,6,8
unwanted_sounds/keyboard_tap/keyboard_tap_35.wav,unknown,7,8
unwanted_sounds/keyboard_tap/keyboard_tap_13.wav,unknown,7,8
unwanted_sounds/keyboard_tap/keyboard_tap_19.wav,unknown,7,8
unwanted_sounds/keyboard_tap/keyboard_tap_24.wav,unknown,7,8
unwanted_sounds/keyboard_tap/keyboard_tap_29.wav,unknown,8,8
unwanted_sounds/keyboard_tap/keyboard_tap_22.wav,unknown,8,8
unwanted_sounds/keyboard_tap/keyboard_tap_33.wav,unknown,8,8
unwanted_sounds/keyboard_tap/keyboard_tap_05.wav,unknown,8,8
unwanted_sounds/keyboard_tap/keyboard_tap_12.wav,unknown,9,8
unwanted_sounds/keyboard_tap/keyboard_tap_31.wav,unknown,9,8
unwanted_sounds/keyboard_tap/keyboard_tap_25.wav,unknown,9,8
unwanted_sounds/keyboard_tap/keyboard_tap_26.wav,unknown,9,8
unwanted_sounds/keyboard_tap/keyboard_tap_37.wav,unknown,10,8
unwanted_sounds/keyboard_tap/keyboard_tap_11.wav,unknown,10,8
unwanted_sounds/keyboard_tap/keyboard_tap_04.wav,unknown,10,8
unwanted_sounds/keyboard_tap/keyboard_tap_10.wav,unknown,10,8
unwanted_sounds/music/music_08.wav,unknown,1,8
unwanted_sounds/music/music_02.wav,unknown,1,8
unwanted_sounds/music/music_18.wav,unknown,1,8
unwanted_sounds/music/music_16.wav,unknown,1,8
unwanted_sounds/music/music_15.wav,unknown,2,8
unwanted_sounds/music/music_09.wav,unknown,2,8
unwanted_sounds/music/music_07.wav,unknown,2,8
unwanted_sounds/music/music_06.wav,unknown,2,8
unwanted_sounds/music/music_28.wav,unknown,3,8
unwanted_sounds/music/music_39.wav,unknown,3,8
unwanted_sounds/music/music_01.wav,unknown,3,8
unwanted_sounds/music/music_03.wav,unknown,3,8
unwanted_sounds/music/music_34.wav,unknown,4,8
unwanted_sounds/music/music_40.wav,unknown,4,8
unwanted_sounds/music/music_17.wav,unknown,4,8
unwanted_sounds/music/music_20.wav,unknown,4,8
unwanted_sounds/music/music_30.wav,unknown,5,8
unwanted_sounds/music/music_38.wav,unknown,5,8
unwanted_sounds/music/music_32.wav,unknown,5,8
unwanted_sounds/music/music_21.wav,unknown,5,8
unwanted_sounds/music/music_23.wav,unknown,6,8
unwanted_sounds/music/music_14.wav,unknown,6,8
unwanted_sounds/music/music_27.wav,unknown,6,8
unwanted_sounds/music/music_36.wav,unknown,6,8
unwanted_sounds/music/music_35.wav,unknown,7,8
unwanted_sounds/music/music_13.wav,unknown,7,8
unwanted_sounds/music/music_19.wav,unknown,7,8
unwanted_sounds/music/music_24.wav,unknown,7,8
unwanted_sounds/music/music_29.wav,unknown,8,8
unwanted_sounds/music/music_22.wav,unknown,8,8
unwanted_sounds/music/music_33.wav,unknown,8,8
unwanted_sounds/music/music_05.wav,unknown,8,8
unwanted_sounds/music/music_12.wav,unknown,9,8
unwanted_sounds/music/music_31.wav,unknown,9,8
unwanted_sounds/music/music_25.wav,unknown,9,8
unwanted_sounds/music/music_26.wav,unknown,9,8
unwanted_sounds/music/music_37.wav,unknown,10,8
unwanted_sounds/music/music_11.wav,unknown,10,8
unwanted_sounds/music/music_04.wav,unknown,10,8
unwanted_sounds/music/music_10.wav,unknown,10,8
unwanted_sounds/pots_and_pans/pots_and_pans_08.wav,unknown,1,8
unwanted_sounds/pots_and_pans/pots_and_pans_02.wav,unknown,1,8
unwanted_sounds/pots_and_pans/pots_and_pans_18.wav,unknown,1,8
unwanted_sounds/pots_and_pans/pots_and_pans_16.wav,unknown,1,8
unwanted_sounds/pots_and_pans/pots_and_pans_15.wav,unknown,2,8
unwanted_sounds/pots_and_pans/pots_and_pans_09.wav,unknown,2,8
unwanted_sounds/pots_and_pans/pots_and_pans_07.wav,unknown,2,8
unwanted_sounds/pots_and_pans/pots_and_pans_06.wav,unknown,2,8
unwanted_sounds/pots_and_pans/pots_and_pans_28.wav,unknown,3,8
unwanted_sounds/pots_and_pans/pots_and_pans_39.wav,unknown,3,8
unwanted_sounds/pots_and_pans/pots_and_pans_01.wav,unknown,3,8
unwanted_sounds/pots_and_pans/pots_and_pans_03.wav,unknown,3,8
unwanted_sounds/pots_and_pans/pots_and_pans_34.wav,unknown,4,8
unwanted_sounds/pots_and_pans/pots_and_pans_40.wav,unknown,4,8
unwanted_sounds/pots_and_pans/pots_and_pans_17.wav,unknown,4,8
unwanted_sounds/pots_and_pans/pots_and_pans_20.wav,unknown,4,8
unwanted_sounds/pots_and_pans/pots_and_pans_30.wav,unknown,5,8
unwanted_sounds/pots_and_pans/pots_and_pans_38.wav,unknown,5,8
unwanted_sounds/pots_and_pans/pots_and_pans_32.wav,unknown,5,8
unwanted_sounds/pots_and_pans/pots_and_pans_21.wav,unknown,5,8
unwanted_sounds/pots_and_pans/pots_and_pans_23.wav,unknown,6,8
unwanted_sounds/pots_and_pans/pots_and_pans_14.wav,unknown,6,8
unwanted_sounds/pots_and_pans/pots_and_pans_27.wav,unknown,6,8
unwanted_sounds/pots_and_pans/pots_and_pans_36.wav,unknown,6,8
unwanted_sounds/pots_and_pans/pots_and_pans_35.wav,unknown,7,8
unwanted_sounds/pots_and_pans/pots_and_pans_13.wav,unknown,7,8
unwanted_sounds/pots_and_pans/pots_and_pans_19.wav,unknown,7,8
unwanted_sounds/pots_and_pans/pots_and_pans_24.wav,unknown,7,8
unwanted_sounds/pots_and_pans/pots_and_pans_29.wav,unknown,8,8
unwanted_sounds/pots_and_pans/pots_and_pans_22.wav,unknown,8,8
unwanted_sounds/pots_and_pans/pots_and_pans_33.wav,unknown,8,8
unwanted_sounds/pots_and_pans/pots_and_pans_05.wav,unknown,8,8
unwanted_sounds/pots_and_pans/pots_and_pans_12.wav,unknown,9,8
unwanted_sounds/pots_and_pans/pots_and_pans_31.wav,unknown,9,8
unwanted_sounds/pots_and_pans/pots_and_pans_25.wav,unknown,9,8
unwanted_sounds/pots_and_pans/pots_and_pans_26.wav,unknown,9,8
unwanted_sounds/pots_and_pans/pots_and_pans_37.wav,unknown,10,8
unwanted_sounds/pots_and_pans/pots_and_pans_11.wav,unknown,10,8
unwanted_sounds/pots_and_pans/pots_and_pans_04.wav,unknown,10,8
unwanted_sounds/pots_and_pans/pots_and_pans_10.wav,unknown,10,8
unwanted_sounds/steps/steps_08.wav,unknown,1,8
unwanted_sounds/steps/steps_02.wav,unknown,1,8
unwanted_sounds/steps/steps_18.wav,unknown,1,8
unwanted_sounds/steps/steps_16.wav,unknown,1,8
unwanted_sounds/steps/steps_15.wav,unknown,2,8
unwanted_sounds/steps/steps_09.wav,unknown,2,8
unwanted_sounds/steps/steps_07.wav,unknown,2,8
unwanted_sounds/steps/steps_06.wav,unknown,2,8
unwanted_sounds/steps/steps_28.wav,unknown,3,8
unwanted_sounds/steps/steps_39.wav,unknown,3,8
unwanted_sounds/steps/steps_01.wav,unknown,3,8
unwanted_sounds/steps/steps_03.wav,unknown,3,8
unwanted_sounds/steps/steps_34.wav,unknown,4,8
unwanted_sounds/steps/steps_40.wav,unknown,4,8
unwanted_sounds/steps/steps_17.wav,unknown,4,8
unwanted_sounds/steps/steps_20.wav,unknown,4,8
unwanted_sounds/steps/steps_30.wav,unknown,5,8
unwanted_sounds/steps/steps_38.wav,unknown,5,8
unwanted_sounds/steps/steps_32.wav,unknown,5,8
unwanted_sounds/steps/steps_21.wav,unknown,5,8
unwanted_sounds/steps/steps_23.wav,unknown,6,8
unwanted_sounds/steps/steps_14.wav,unknown,6,8
unwanted_sounds/steps/steps_27.wav,unknown,6,8
unwanted_sounds/steps/steps_36.wav,unknown,6,8
unwanted_sounds/steps/steps_35.wav,unknown,7,8
unwanted_sounds/steps/steps_13.wav,unknown,7,8
unwanted_sounds/steps/steps_19.wav,unknown,7,8
unwanted_sounds/steps/steps_24.wav,unknown,7,8
unwanted_sounds/steps/steps_29.wav,unknown,8,8
unwanted_sounds/steps/steps_22.wav,unknown,8,8
unwanted_sounds/steps/steps_33.wav,unknown,8,8
unwanted_sounds/steps/steps_05.wav,unknown,8,8
unwanted_sounds/steps/steps_12.wav,unknown,9,8
unwanted_sounds/steps/steps_31.wav,unknown,9,8
unwanted_sounds/steps/steps_25.wav,unknown,9,8
unwanted_sounds/steps/steps_26.wav,unknown,9,8
unwanted_sounds/steps/steps_37.wav,unknown,10,8
unwanted_sounds/steps/steps_11.wav,unknown,10,8
unwanted_sounds/steps/steps_04.wav,unknown,10,8
unwanted_sounds/steps/steps_10.wav,unknown,10,8
unwanted_sounds/water/water_08.wav,unknown,1,8
unwanted_sounds/water/water_02.wav,unknown,1,8
unwanted_sounds/water/water_18.wav,unknown,1,8
unwanted_sounds/water/water_16.wav,unknown,1,8
unwanted_sounds/water/water_15.wav,unknown,2,8
unwanted_sounds/water/water_09.wav,unknown,2,8
unwanted_sounds/water/water_07.wav,unknown,2,8
unwanted_sounds/water/water_06.wav,unknown,2,8
unwanted_sounds/water/water_28.wav,unknown,3,8
unwanted_sounds/water/water_39.wav,unknown,3,8
unwanted_sounds/water/water_01.wav,unknown,3,8
unwanted_sounds/water/water_03.wav,unknown,3,8
unwanted_sounds/water/water_34.wav,unknown,4,8
unwanted_sounds/water/water_40.wav,unknown,4,8
unwanted_sounds/water/water_17.wav,unknown,4,8
unwanted_sounds/water/water_20.wav,unknown,4,8
unwanted_sounds/water/water_30.wav,unknown,5,8
unwanted_sounds/water/water_38.wav,unknown,5,8
unwanted_sounds/water/water_32.wav,unknown,5,8
unwanted_sounds/water/water_21.wav,unknown,5,8
unwanted_sounds/water/water_23.wav,unknown,6,8
unwanted_sounds/water/water_14.wav,unknown,6,8
unwanted_sounds/water/water_27.wav,unknown,6,8
unwanted_sounds/water/water_36.wav,unknown,6,8
unwanted_sounds/water/water_35.wav,unknown,7,8
unwanted_sounds/water/water_13.wav,unknown,7,8
unwanted_sounds/water/water_19.wav,unknown,7,8
unwanted_sounds/water/water_24.wav,unknown,7,8
unwanted_sounds/water/water_29.wav,unknown,8,8
unwanted_sounds/water/water_22.wav,unknown,8,8
unwanted_sounds/water/water_33.wav,unknown,8,8
unwanted_sounds/water/water_05.wav,unknown,8,8
unwanted_sounds/water/water_12.wav,unknown,9,8
unwanted_sounds/water/water_31.wav,unknown,9,8
unwanted_sounds/water/water_25.wav,unknown,9,8
unwanted_sounds/water/water_26.wav,unknown,9,8
unwanted_sounds/water/water_37.wav,unknown,10,8
unwanted_sounds/water/water_11.wav,unknown,10,8
unwanted_sounds/water/water_04.wav,unknown,10,8
unwanted_sounds/water/water_10.wav,unknown,10,8
